obj,sub,array3,ObjRotation,grasp,type,HandRotation,HandPosition,ObjPosition
obj11,sub8,"[[-0.83907999 -0.0957816   0.03022953]
 [-0.84913333 -0.10811342  0.00486144]]",[ 0.30248054 -0.67570073  0.09285879  0.66581626],grasp1,optimal0,[ 1.31864409  1.29499338  1.46075299  0.01849543],[-0.83308908 -0.10842871  0.01381636],[-0.70478964 -0.19372463 -0.01170167]
obj11,sub8,"[[-0.7616385  -0.13409918 -0.02051153]
 [-0.84494999 -0.10684635  0.02739044]]",[ 0.30149571 -0.6784616   0.09225391  0.66353554],grasp1,extreme0,[ 1.41876713  1.37081284  1.41171986  0.01384966],[-0.83437808 -0.11736175  0.01340781],[-0.70680096 -0.19637824 -0.0035791 ]
obj11,sub8,"[[-0.7990783  -0.12029209 -0.00396605]
 [-0.87899816 -0.14452653 -0.00478224]]",[-0.30934237 -0.44705642  0.59241453  0.59455267],grasp2,optimal0,[ 1.71087519  1.24318236  0.41703737  1.63995695],[-0.86015139 -0.14974112  0.01955836],[-0.75200473 -0.21356035  0.00322166]
obj11,sub8,"[[-0.90433928 -0.20667738 -0.11656534]
 [-0.91709467 -0.25263842 -0.11218943]]",[-0.34742312 -0.51299861  0.64994644  0.44011275],grasp2,extreme0,[ 1.81206431  2.07647473  0.41659872  1.64021991],[-0.93027556 -0.24111237 -0.08048759],[-0.7810682  -0.24759046 -0.06436324]
obj11,sub8,"[[-0.90376993 -0.04895902 -0.05593491]
 [-0.96058099 -0.1901553  -0.05152132]]",[-0.3654704  -0.42938804  0.65506101  0.5029437 ],grasp3,optimal0,[ 0.83271523  1.21680592  0.92082867  1.64696943],[-0.93479181 -0.11626074 -0.02244239],[-0.77908569 -0.20180312 -0.01784506]
obj11,sub8,"[[-0.82650691 -0.19061032 -0.04899056]
 [-0.86109519 -0.17029023 -0.02560845]]",[-0.21067287  0.24469083  0.9273588  -0.18907406],grasp4,optimal0,[ 1.4526147   1.639488    1.44734055  1.10148586],[-0.83206056 -0.15504484 -0.01490781],[-0.77553324 -0.13445892  0.09769622]
obj11,sub8,"[[-0.87858241 -0.12193991 -0.04562402]
 [-0.88366976 -0.1422006  -0.04612145]]",[-0.3495694  -0.29381697  0.688729    0.56313869],grasp5,optimal0,[ 1.64862651  1.70556725  0.90315045  1.61418607],[-0.86622153 -0.13503151 -0.04627519],[-0.75991562 -0.21763025 -0.0223336 ]
obj11,sub8,"[[-0.88471498 -0.1483598  -0.04193701]
 [-0.88966308 -0.16943495 -0.0467536 ]]",[-0.30580057 -0.37693365  0.65526668  0.57882001],grasp5,extreme0,[ 1.63362651  1.71649346  0.90365002  1.61295888],[-0.87771863 -0.1610643  -0.06193628],[-0.76486944 -0.23965173 -0.01855194]
obj11,sub8,"[[-0.80710366 -0.15623428 -0.0678234 ]
 [-0.80067161 -0.18274544 -0.06607753]]",[-0.03932278 -0.88808199  0.4509524   0.08003763],grasp6,optimal0,[ 1.66421963  1.58590624  0.90520968  1.63618774],[-0.7985325  -0.16640242 -0.0637261 ],[-0.77787046 -0.16714753  0.09026469]
obj11,sub8,"[[-0.80028444 -0.13839822 -0.06214221]
 [-0.7896735  -0.16702824 -0.06031795]]",[ 0.01273028 -0.92202178  0.37970947  0.07439418],grasp6,extreme0,[ 1.63121963  1.59495193  0.76120968  1.63811617],[-0.79433273 -0.15211624 -0.06101009],[-0.77516877 -0.16353031  0.09716225]
obj11,sub8,"[[-0.7963457  -0.14581375 -0.06275324]
 [-0.78128742 -0.16493297 -0.06495137]]",[ 0.01675751 -0.92254607  0.37977417  0.06632888],grasp6,extreme1,[ 1.68521963  1.57095193  0.90506346  1.63662602],[-0.77988648 -0.1527094  -0.0528307 ],[-0.77398856 -0.16309514  0.09382165]
obj2,sub5,"[[-0.79834626 -0.11844005 -0.00658235]
 [-0.84571487 -0.1059512   0.05745406]]",[ 0.61797549 -0.3521436  -0.68211893 -0.16974962],grasp1,optimal0,[ 1.78608629  1.88362659  1.64261617  0.00859029],[-0.81859826 -0.09394878  0.00832486],[-0.74785073 -0.16247068  0.05076107]
obj2,sub5,"[[-0.79591141 -0.10237188  0.04776014]
 [-0.84477963 -0.08913083  0.03308954]]",[ 0.52935801 -0.43131143 -0.62133852 -0.38430326],grasp2,optimal0,[ 1.80775898  1.26262677  1.85022398  0.38630019],[-0.82250056 -0.08308017  0.02307779],[-0.78481654 -0.1751894   0.09358897]
obj2,sub5,"[[-0.79716449 -0.10692625  0.07325627]
 [-0.84119359 -0.08871146  0.03635059]]",[ 0.53075797 -0.41950911 -0.62106369 -0.39571198],grasp2,extreme0,[ 1.79501115  0.00706719  1.83863051  0.38533597],[-0.82007553 -0.08509816  0.04358566],[-0.78348933 -0.18378186  0.09361402]
obj2,sub5,"[[-0.80812032 -0.10657258  0.06767223]
 [-0.83981804 -0.08924698  0.0186346 ]]",[ 0.53730288 -0.3687979  -0.61598169 -0.44256104],grasp2,extreme1,[ 1.76335158  0.00706719  1.88468806  0.38507301],[-0.81909679 -0.08013637  0.01899665],[-0.78158794 -0.18125655  0.07062579]
obj2,sub5,"[[-0.86735309 -0.07770157  0.13346127]
 [-0.87234422 -0.04938817  0.11638764]]",[ 0.65425626 -0.50256366 -0.54312116 -0.1561983 ],grasp3,extreme0,[ 1.63718789  1.51263189  1.0503514   0.01288544],[-0.84487901 -0.06304136  0.06671647],[-0.78219863 -0.16953977  0.09504867]
obj2,sub5,[-0.85894633 -0.07933283  0.04690208],[ 0.60451035 -0.44837568 -0.60484169 -0.26017882],grasp4,optimal0,[ 1.33619435  0.62659177  1.59966019  0.21431903],[-0.8094964  -0.10195547  0.08332294],[-0.75640999 -0.20828222  0.10121437]
obj2,sub5,"[[-0.78378987 -0.13103556  0.10852505]
 [-0.81875177 -0.05453192  0.07847075]]",[ 0.60451035 -0.44837568 -0.60484169 -0.26017882],grasp4,extreme0,[ 1.68720654  0.6265674   1.31166019  0.21431903],[ -7.97801781e-01  -1.10801303e-01  -4.35618330e-04],[-0.75640999 -0.20828222  0.10121437]
obj2,sub5,"[[-0.85134348 -0.0745642   0.0508381 ]
 [-0.81724516 -0.04942185  0.06402958]]",[ 0.646548   -0.42267312 -0.58053301 -0.25749668],grasp4,extreme1,[ 1.43618072  0.62492245  1.2479291   0.21440669],[-0.82807322 -0.07625656  0.04440814],[-0.75319812 -0.20669648  0.07316529]
obj2,sub6,"[[-0.82484073 -0.13426423  0.0162944 ]
 [-0.82426176 -0.07025906  0.08287273]]",[ 0.47529698 -0.58064537  0.33367499  0.57061785],grasp1,optimal0,[ 1.5945627   1.44974323  1.60512377  0.01665465],[-0.83459953 -0.09754219  0.05203581],[-0.78408391 -0.20593394  0.04692752]
obj2,sub6,"[[-0.78934838 -0.13222954 -0.00272979]
 [-0.7959503  -0.0906306   0.06755686]]",[ 0.35143968 -0.61131995  0.22287139  0.67313179],grasp2,optimal0,[ 1.74129299  1.75674641  1.63815049  0.01656699],[-0.81241021 -0.11228986  0.02665913],[-0.73342034 -0.19447724  0.02660105]
obj2,sub6,"[[-0.79251789 -0.1373487  -0.05068711]
 [-0.84069803 -0.05588404 -0.02793277]]",[ 0.30426411 -0.67768338  0.2110158   0.63532741],grasp3,optimal0,[ 1.34129709  1.30625368  1.02008715  0.01753121],[-0.83786645 -0.1097318   0.02211136],[-0.7253731  -0.18109094 -0.04810051]
obj2,sub6,"[[-0.77226487 -0.11218404  0.01145213]
 [-0.78616424 -0.06361161 -0.03536185]]",[ 0.28923764 -0.66360525  0.2242858   0.65243048],grasp3,extreme0,[ 1.26234652  1.48766431  1.17886433  0.01718058],[-0.81764893 -0.10495023  0.0621517 ],[-0.72910878 -0.1789323  -0.02108781]
obj2,sub6,"[[-0.77466206 -0.11663634 -0.05422752]
 [-0.77867267 -0.06400124 -0.06070145]]",[ 0.28688426 -0.70343633  0.21097648  0.61511274],grasp3,extreme1,[ 1.51402737  1.38736334  1.08012837  0.01718058],[-0.81152566 -0.10251444  0.00596443],[-0.71792448 -0.1748619  -0.08939309]
obj2,sub6,"[[-0.85671465 -0.13098569  0.15736218]
 [-0.84603179 -0.13336646  0.10318938]]",[ 0.087995   -0.96771974  0.22632383  0.06747525],grasp4,optimal0,[ 1.92169668  1.59726349  1.04805328  0.15164496],[-0.85114185 -0.12790829  0.00971226],[-0.81584661 -0.14348918  0.23120801]
obj2,sub6,"[[-0.87725781 -0.17350284  0.16303912]
 [-0.86238805 -0.13862145  0.05505127]]",[-0.0010727  -0.98768623  0.14691529  0.0537649 ],grasp4,optimal1,[ 1.26572302  1.81554778  1.34528825  0.28663527],[-0.8501435  -0.14800671  0.02125393],[-0.82738632 -0.17597375  0.23621377]
obj2,sub6,"[[-0.83643792 -0.18094395  0.06355777]
 [-0.84856029 -0.13794369  0.08134023]]",[ 0.72630458 -0.21937007 -0.58879254 -0.27871452],grasp5,optimal0,[ 1.70576684  1.62391471  1.34431187  0.28742417],[-0.83607878 -0.1476653   0.02738799],[-0.73691373 -0.22809739  0.08320266]
obj2,sub6,"[[-0.84370438 -0.1558466   0.03359066]
 [-0.88294135 -0.06464695  0.01942347]]",[ 0.17350601 -0.67186207  0.21010046  0.68873422],grasp6,optimal0,[ 0.83454995  0.96390892  1.57687299  0.27778201],[-0.88304412 -0.13089668  0.06040863],[-0.77723118 -0.19776054  0.07467584]
obj5,sub6,"[[-0.73660489 -0.16261544 -0.02269618]
 [-0.79770134 -0.08747463 -0.04536956]]",[ 0.23577418 -0.67184053  0.27016361  0.64811455],grasp1,optimal0,[ 1.271407    1.26182615  1.22277796  0.01840777],[-0.81627224 -0.10446019 -0.01002623],[-0.68264935 -0.22237834 -0.0597936 ]
obj5,sub6,"[[-0.7421935  -0.16805035 -0.05438954]
 [-0.79911935 -0.08520607 -0.08076497]]",[ 0.23437594 -0.69634153  0.26127902  0.62602688],grasp1,extreme0,[ 1.27713893  1.28588708  1.21054645  0.01761887],[-0.81344461 -0.10589447 -0.00940284],[-0.6785611  -0.22016105 -0.08756887]
obj5,sub6,"[[-0.79709067 -0.09025768  0.09673913]
 [-0.7924971  -0.09701606  0.0441156 ]]",[ 0.27704426 -0.67642839  0.28654569  0.61934052],grasp1,extreme1,[ 1.24122423  1.25738581  1.23955436  0.01788183],[-0.82498808 -0.10069453  0.00402746],[-0.69299703 -0.24038284  0.08456745]
obj5,sub6,"[[-0.76360555 -0.09998723  0.1459191 ]
 [-0.73977424 -0.08144125  0.04950037]]",[ 0.06728687 -0.92895443  0.36386632 -0.0108372 ],grasp2,optimal0,[ 1.22324859  1.20946145  1.27118717  0.01612871],[-0.73671617 -0.1077103   0.00118753],[-0.7536358  -0.13888569  0.2212241 ]
obj5,sub6,"[[-0.76003349 -0.09318587  0.14104746]
 [-0.69390416 -0.13391282  0.04602832]]",[ 0.02429787 -0.91110021  0.40971268 -0.03796774],grasp2,extreme0,[ 1.22913893  1.18844927  1.27713844  0.01612871],[-0.73677072 -0.1233311  -0.00420816],[-0.75466525 -0.134128    0.21921697]
obj5,sub6,"[[-0.76792995 -0.10811289  0.1381119 ]
 [-0.7241118  -0.11121348  0.04216019]]",[-0.01128686  0.89506094 -0.4419646   0.05835943],grasp2,extreme1,[ 1.25304145  1.17644927  1.2560897   0.01604106],[-0.69623489 -0.16870954 -0.00781098],[-0.75309047 -0.13661742  0.21961995]
obj5,sub6,"[[-0.74968063 -0.10534165  0.10311116]
 [-0.71156529 -0.1423004   0.10885392]]",[ 0.01519802  0.91515269 -0.40266689  0.01113313],grasp2,extreme2,[ 1.22305364  1.18844927  1.2770044   0.01647934],[-0.74756472 -0.13551464  0.01035128],[-0.75813618 -0.13443199  0.2851535 ]
obj5,sub6,"[[-0.86376104 -0.16634878  0.14963074]
 [-0.86531739 -0.1156158   0.06198261]]",[-0.01698415 -0.91100824  0.4065899   0.06678456],grasp3,optimal0,[ 1.37575982  1.31262171  1.11271763  0.91705754],[-0.90242123 -0.13199972  0.00935294],[-0.81580122 -0.15079044  0.22969245]
obj5,sub6,"[[-0.85601929 -0.12403619  0.11106494]
 [-0.80334204 -0.16566707  0.11115114]]",[ 0.03272641  0.92843313 -0.36731478 -0.04495289],grasp3,extreme0,[ 1.37554049  1.44145112  1.11868108  0.91179818],[-0.90890551 -0.14101135  0.00935276],[-0.80866763 -0.14812213  0.28135482]
obj5,sub6,"[[-0.83462906 -0.07140914  0.06574489]
 [-0.83459862 -0.07477776  0.01679379]]",[ 0.41968774 -0.59448206  0.37397063  0.5749776 ],grasp4,optimal0,[ 1.25155436  1.29035741  1.2162377   0.01849543],[-0.85971796 -0.0810972   0.01006906],[-0.79050756 -0.24595232  0.03570188]
obj5,sub6,"[[-0.83151591 -0.17990751  0.09588649]
 [-0.81966098 -0.0762694   0.10377259]]",[ 0.40838034 -0.53630898  0.44473771  0.58975126],grasp4,extreme0,[ 1.33542148  1.31184839  1.16092174  0.01849543],[-0.85018105 -0.07863662  0.01010501],[-0.7899397  -0.24903002  0.07652633]
obj5,sub6,"[[ -8.01388297e-01  -1.76134709e-01   1.93147585e-02]
 [ -8.11786538e-01  -7.97724246e-02   6.26623461e-04]]",[ 0.39289671 -0.5759561   0.45379881  0.55495351],grasp4,extreme1,[ 1.33840929  1.32086057  1.15795829  0.01884605],[-0.83777818 -0.08377435  0.00911877],[-0.77798377 -0.25365286 -0.01106399]
obj11,sub7,"[[-0.88855857 -0.13578516  0.11887778]
 [-0.85245404 -0.1349754   0.08204196]]",[ 0.03163996  0.93059888 -0.01492038 -0.36436522],grasp1,optimal0,[ 1.41899247  1.37685794  1.3659586   0.07415701],[-0.8443883  -0.14190195  0.13400342],[-0.75847154 -0.13626885  0.23099484]
obj11,sub7,"[[-0.86272396 -0.12615443  0.03513176]
 [-0.83781817 -0.1372581   0.02524328]]",[ 0.01577378  0.96283673  0.21071585 -0.16821251],grasp1,extreme0,[ 1.40072441  1.3856508   1.37433718  0.0681964 ],[-0.86171685 -0.14084424  0.0724048 ],[-0.78275297 -0.10643509  0.18688274]
obj11,sub7,"[[-0.80215411 -0.172947    0.04007656]
 [-0.8540311  -0.16955695  0.05273138]]",[-0.11626933  0.01876823  0.98635669 -0.11502035],grasp1,extreme1,[ 1.40362693  1.39768736  1.36527625  0.07547185],[-0.85238025 -0.15310195  0.09324162],[-0.78511415 -0.12449138  0.20654162]
obj11,sub7,"[[-0.78984409 -0.15628764  0.09334369]
 [-0.86667291 -0.13290728  0.0966465 ]]",[ 0.02655872 -0.75361986  0.14634661  0.6402612 ],grasp2,optimal0,[ 1.62741522  1.46778523  1.1722562   0.01437559],[-0.87736104 -0.14539116  0.10074929],[-0.71079783 -0.16020956  0.1066895 ]
obj11,sub7,"[[-0.82341081 -0.28488328 -0.01780769]
 [-0.84686556 -0.30579291 -0.00798538]]",[-0.46467226 -0.45107702  0.56335999  0.51306406],grasp3,optimal0,[ 1.74596583  1.5101782   0.85407002  1.5247769 ],[-0.86364695 -0.29561341  0.02098428],[-0.67328199 -0.31008961 -0.00690696]
obj11,sub7,"[[-0.75193166 -0.30144599 -0.01595059]
 [-0.82697141 -0.28394111 -0.01773062]]",[-0.46684603 -0.45370522  0.56192125  0.51034388],grasp3,extreme0,[ 1.70774412  1.56043333  0.85290028  1.53406844],[-0.82867542 -0.29471125  0.01842674],[-0.67361709 -0.31145828 -0.00687724]
obj11,sub7,"[[-0.79957988 -0.17871262  0.02071975]
 [-0.79067698 -0.15698454  0.02272053]]",[ 0.30727689 -0.7506057  -0.55575683  0.18250024],grasp4,optimal0,[ 1.6196079   1.6360091   0.38651442  1.57640631],[-0.78573063 -0.17056305  0.01509887],[-0.69173177 -0.20999852  0.14051113]
obj11,sub7,"[[-0.79262437 -0.18079676  0.01014095]
 [-0.77736206 -0.162276    0.00851155]]",[ 0.28817917 -0.77700356 -0.52699199  0.18840827],grasp4,extreme0,[ 1.61157811  1.65072019  0.38653879  1.57658163],[-0.77559271 -0.17554001  0.0138996 ],[-0.68806708 -0.21005608  0.13420141]
obj11,sub7,"[[-0.78878822 -0.18237476  0.00667694]
 [-0.78335285 -0.15871298  0.01292582]]",[ 0.28804701 -0.77748218 -0.52619089  0.18887437],grasp4,extreme1,[ 1.61200458  1.63771547  0.38655097  1.57815943],[-0.78189517 -0.17269403 -0.00130499],[-0.68814521 -0.21013663  0.13423951]
obj13,sub7,"[[-0.81836105 -0.22260676  0.04322488]
 [-0.79890127 -0.18755004  0.0067551 ]]",[ 0.34378011 -0.72412549 -0.02142266  0.59749359],grasp5,optimal0,[ 1.42891091  1.29628331  1.28272156  0.01393731],[-0.82838602 -0.24400019  0.04599321],[-0.66575013 -0.30095841  0.03369562]
obj13,sub7,"[[-0.8411884  -0.25672755 -0.07600082]
 [-0.84396817 -0.24540911 -0.12715194]]",[ 0.08429914 -0.70341112  0.09431473  0.69943633],grasp5,extreme0,[ 1.45625208  1.35278373  1.26028425  0.01498918],[-0.86038402 -0.26897759 -0.05616345],[-0.67838207 -0.30320227 -0.09165882]
obj13,sub7,"[[-0.84154024 -0.26114887 -0.07149909]
 [-0.84165983 -0.25257603 -0.12350809]]",[ 0.09963856 -0.70357662  0.07402926  0.69969405],grasp5,extreme1,[ 1.47144704  1.40915475  1.26296948  0.01367434],[-0.83424058 -0.27816446 -0.06677318],[-0.67874224 -0.30351267 -0.09045329]
obj13,sub7,"[[-0.86190074 -0.32987425  0.10588581]
 [-0.92327027 -0.35328781  0.0894694 ]]",[ 0.03960505 -0.80657415  0.17330978  0.56376706],grasp6,optimal0,[ 1.82554181  1.76180306  1.54175835  0.01148294],[-0.90269125 -0.34727075  0.11168891],[-0.79129817 -0.37238492  0.11752853]
obj13,sub7,"[[-0.86780692 -0.27761329 -0.02362973]
 [-0.88310674 -0.26550333 -0.02465402]]",[ 0.08696465 -0.78447916  0.0654276   0.61053159],grasp6,extreme0,[ 1.84811609  1.80381524  1.60311762  0.00999279],[-0.91413785 -0.30329007  0.00722924],[-0.79511361 -0.31683079 -0.0197098 ]
obj13,sub7,"[[-0.8604624  -0.2734512  -0.04798677]
 [-0.88092005 -0.26246436 -0.02430818]]",[ 0.09221133 -0.78475188  0.07853822  0.60785961],grasp6,extreme1,[ 1.85764819  1.87474232  1.57975121  0.0115706 ],[-0.90493265 -0.29716667 -0.02057204],[-0.79497454 -0.31426639 -0.01921043]
obj13,sub7,"[[-0.87999716 -0.29288889  0.09435162]
 [-0.88464329 -0.31880908  0.09146386]]",[ 0.41504587  0.36082175 -0.57698712 -0.60384638],grasp7,optimal0,[ 1.6187945   1.61725167  0.85694635  1.64512865],[-0.86997761 -0.31080473  0.08846018],[-0.73531306 -0.36932293  0.08063661]
obj13,sub7,[-0.7199501  -0.14884343  0.00631605],[-0.06539125  0.62830921  0.76805379 -0.10509466],grasp8,optimal0,[ 0.84310369  0.69514352  0.36710401  1.68886902],[-0.74627981 -0.15373931 -0.06529037],[-0.73915595 -0.14537216  0.10043741]
obj13,sub8,"[[-0.78184204 -0.07790167 -0.0160959 ]
 [-0.78916342 -0.07428522 -0.01185927]]",[ 0.10586025 -0.74369569  0.20345477  0.62794624],grasp1,optimal0,[ 1.81236336  1.72585882  1.47907043  0.01726824],[-0.8219941  -0.09830322 -0.00760963],[-0.72215409 -0.14812455 -0.01098268]
obj13,sub8,"[[-0.77550371 -0.08870079 -0.04411507]
 [-0.78653569 -0.0693014  -0.03614206]]",[ 0.12050362 -0.75777562  0.19854216  0.60978357],grasp1,extreme0,[ 1.87964045  1.83217762  1.61184498  0.01840777],[-0.82177391 -0.09580086 -0.00388705],[-0.716455   -0.14278205 -0.02777728]
obj13,sub8,"[[-0.80783815 -0.14058689 -0.01304924]
 [-0.80476047 -0.06348295  0.03223954]]",[ 0.19988361 -0.77424923  0.04925107  0.59846387],grasp1,extreme1,[ 1.66354247  1.5708453   1.28093027  0.01604106],[-0.81687227 -0.10674144  0.02356616],[-0.7169559  -0.13568246  0.02647609]
obj13,sub8,"[[-0.8421698  -0.108304    0.08065594]
 [-0.88691159 -0.09993052 -0.00780963]]",[ 0.01018741  0.99507386  0.01914934 -0.09673435],grasp2,optimal0,[ 1.32846191  1.3406787   1.37722767  0.0434774 ],[-0.85637196 -0.11161334  0.00457342],[-0.83220135 -0.11190256  0.15954608]
obj13,sub8,"[[-0.84713853 -0.14313745  0.00102783]
 [-0.86122289 -0.17323452  0.01531729]]",[ 0.01548412  0.95845157  0.25732041 -0.12213535],grasp3,optimal0,[ 1.8776019   1.39638635  1.34890002  0.8178309 ],[-0.86042414 -0.1601619  -0.01058087],[-0.83773516 -0.14770309  0.18357085]
obj13,sub8,,[ 0.31118047  0.15915805 -0.55238287 -0.75677513],grasp4,optimal0,[ 0.01560874  0.00767643  0.00700627  0.05636284],[-0.91683318 -0.1712045   0.01074034],[-0.8166574  -0.27179976  0.09127362]
obj13,sub8,"[[-0.88495474 -0.16185295 -0.05746783]
 [-0.93351186 -0.10325848 -0.05740592]]",[-0.25797597 -0.30320203  0.67125752  0.62524417],grasp6,optimal0,[ 1.65573789  1.61960486  0.79016221  1.46297939],[-0.92004119 -0.13263776 -0.04751727],[-0.82854635 -0.21547563 -0.0392773 ]
obj13,sub8,"[[-0.91140105 -0.14222646 -0.04881308]
 [-0.93293022 -0.12228939 -0.05271   ]]",[-0.29413949 -0.28245371  0.66861792  0.62181342],grasp7,optimal0,[ 1.05320272  1.04726249  0.86532447  0.03821804],[-0.94010122 -0.14183786  0.0368635 ],[-0.84157273 -0.22901011  0.03286219]
obj15,sub4,"[[ -7.63807260e-01   4.02674060e-04  -6.59663901e-02]
 [ -7.19039040e-01  -3.52252171e-02  -5.78017296e-02]]",[ 0.20086296 -0.92163501  0.30343712 -0.13479206],grasp1,optimal0,[ 1.51763787  1.41759386  1.062098    1.17871084],[-0.7562071  -0.0371255  -0.03894363],[-0.80744518 -0.06150031  0.08966051]
obj15,sub4,"[[-0.81758529 -0.12327019 -0.02510783]
 [-0.87249781 -0.09595893 -0.11430648]]",[ 0.01703649  0.97615542 -0.214921   -0.02528484],grasp1,extreme0,[ 1.43998975  1.32440657  1.26362007  1.00506421],[-0.84527778 -0.11068074 -0.07215921],[-0.84400423 -0.11168516  0.05490331]
obj15,sub4,"[[-0.8608001  -0.07428237 -0.06330781]
 [-0.800117   -0.09184281 -0.06483965]]",[ 0.01760927  0.99537572 -0.09416658  0.00705287],grasp1,extreme1,[ 1.30580393  1.3735678   1.32760301  0.82081121],[-0.83078903 -0.08559991 -0.06703627],[-0.83358334 -0.09537186  0.1095368 ]
obj15,sub4,"[[-0.7676963  -0.10120036 -0.08493774]
 [-0.80212578 -0.08468551 -0.04258351]]",[ 0.16679092 -0.68978663 -0.16105828  0.68588295],grasp2,optimal0,[ 1.66328444  1.67095255  1.64999269  0.01604106],[-0.79860856 -0.09598435 -0.09214209],[-0.68839339 -0.09985682 -0.08361467]
obj15,sub4,"[[-0.77752762 -0.07997988 -0.09419529]
 [-0.80826578 -0.05470957 -0.07123458]]",[ 0.15579961 -0.68264309 -0.14737726  0.69857343],grasp3,extreme0,[ 0.04890984  1.67525759  1.65543682  0.01893371],[-0.80899854 -0.07767225 -0.0947245 ],[-0.69854404 -0.09911908 -0.05868332]
obj15,sub4,"[[-0.82862141 -0.08037733 -0.10726527]
 [-0.79859035 -0.12394398 -0.10811685]]",[ 0.16289301 -0.69545651 -0.16136044  0.68100581],grasp3,extreme1,[ 0.0488611   1.68405347  1.68610816  0.01937199],[-0.79998563 -0.09700975 -0.07493108],[-0.68921182 -0.09547206 -0.0841304 ]
obj15,sub4,"[[-0.76680643 -0.09947133 -0.11896105]
 [-0.8301053  -0.08488977 -0.10130192]]",[ 0.1629315  -0.69543967 -0.16130262  0.6810275 ],grasp3,optimal0,[ 0.0488611   1.68405347  1.5996188   0.01928433],[-0.80493014 -0.09619434 -0.07822214],[-0.68922724 -0.09544583 -0.08409618]
obj15,sub4,"[[-0.72432682 -0.05228404  0.04539616]
 [-0.74963875 -0.05147138  0.04309716]]",[ 0.04009126  0.89230005 -0.44921749  0.01992379],grasp4,optimal0,[ 1.97290382  1.91011549  2.35087669  0.87699873],[-0.72080577 -0.05154039  0.02616653],[-0.74310849 -0.06392156  0.11564518]
obj15,sub4,"[[-0.71607542 -0.02794185 -0.00807318]
 [-0.73554424 -0.04765228 -0.03574027]]",[ 0.03446274  0.89706788 -0.4401617   0.01841755],grasp5,optimal0,[ 1.62579661  1.53169178  1.73568838  0.08651652],[-0.73711501 -0.07507573 -0.01891322],[-0.74302442 -0.06321951  0.11582251]
obj15,sub4,"[[-0.82273876 -0.11086392 -0.05556558]
 [-0.8001867  -0.09887198 -0.10437558]]",[ 0.47941381 -0.68297605  0.21455579  0.50761396],grasp6,optimal0,[ 1.2882918   1.27454924  1.18677355  0.01726824],[-0.82654377 -0.12921627 -0.09225065],[-0.74627262 -0.26591286 -0.08192207]
obj15,sub4,"[[-0.76745758 -0.05571376  0.52718603]
 [-0.7407401  -0.02287908  0.51994363]]",[ 0.76082849 -0.22462173  0.10470032  0.59976907],grasp7,optimal0,[ 1.43270215  1.23015352  1.19961078  0.12911735],[-0.76918088 -0.04893889  0.47927431],[-0.75488825 -0.11972601  0.37090788]
obj15,sub4,"[[-0.82173425 -0.17472457  0.33084797]
 [-0.78988058 -0.14087717  0.33965689]]",[ 0.83473907 -0.05832942 -0.04299797  0.5458567 ],grasp7,extreme0,[ 1.45480076  1.25096364  1.19114335  0.28523277],[-0.81759391 -0.14436436  0.31591725],[-0.80038111 -0.16479042  0.16190089]
obj15,sub4,"[[-0.85262893 -0.09637788  0.21489918]
 [-0.87676371 -0.14569209  0.29057207]]",[ 0.62369848 -0.2529541  -0.06557145  0.7366918 ],grasp8,optimal0,[ 1.62251905  1.65368557  0.02105536  0.01253481],[-0.86809047 -0.12739178  0.25375896],[-0.81986137 -0.15425169  0.15629647]
obj15,sub4,"[[-0.86981033 -0.13717477  0.21663419]
 [-0.85143545 -0.15036173  0.27376913]]",[ 0.62543531 -0.28267027 -0.08781639  0.72195323],grasp8,extreme0,[ 1.66090751  1.82298494  0.02047048  0.01051873],[-0.87618946 -0.16153742  0.2586967 ],[-0.82370832 -0.15362928  0.15402454]
obj15,sub4,"[[-0.8662166  -0.09602449  0.2063013 ]
 [-0.85042529 -0.10281459  0.2594405 ]]",[ 0.62945137 -0.28434993 -0.09265637  0.7171826 ],grasp8,extreme1,[ 2.33286754  1.62841897  0.02023897  0.01402497],[-0.88351279 -0.08748735  0.23082691],[-0.82411352 -0.15374323  0.15375701]
obj15,sub4,"[[-0.8965502  -0.14419029  0.25184385]
 [-0.90447406 -0.14290361  0.24247606]]",[ 0.64974041 -0.30819629 -0.13126985  0.68236403],grasp9,optimal0,[ 2.37708622  2.37616017  1.82588188  0.0087656 ],[-0.89445788 -0.11577897  0.27212069],[-0.8282538  -0.15391395  0.1506843 ]
obj15,sub5,"[[-0.84536167 -0.12505156 -0.02448746]
 [-0.83992376 -0.12367599  0.02525017]]",[ 0.71910047 -0.27372883 -0.61865971 -0.15883074],grasp6,optimal0,[ 1.09723134  1.04210262  1.34602485  0.0195473 ],[-0.82007499 -0.10355939 -0.0106193 ],[-0.67787634 -0.18836679 -0.02851651]
obj15,sub5,"[[-0.85039498 -0.14772442  0.07000181]
 [-0.82354374 -0.0978062   0.05802154]]",[ 0.76901762 -0.28299007 -0.56701898 -0.08377347],grasp6,extreme0,[ 1.25612597  0.69527755  1.2112213   0.01761887],[-0.82390817 -0.12785619  0.03358258],[-0.69098267 -0.21385743  0.04213757]
obj15,sub5,"[[-0.86271548 -0.13795736  0.14018491]
 [-0.83399134 -0.08976628  0.10589698]]",[ 0.7503138  -0.39551257 -0.52953558  0.01382295],grasp6,extreme1,[ 1.12100903  0.30756902  1.2935688   0.01639168],[-0.83591992 -0.12287916  0.13636923],[-0.6996268  -0.20054436  0.10529049]
obj15,sub5,"[[-0.88528525 -0.1240059  -0.07507927]
 [-0.85231198 -0.07882367 -0.09410411]]",[ 0.0717229   0.92824732  0.36052482 -0.05687347],grasp7,optimal0,[ 1.39551603  1.26261535  1.25039222  0.62691603],[-0.85637428 -0.11102665 -0.06490523],[-0.84943645 -0.08868659  0.08937229]
obj15,sub5,"[[-0.87012064 -0.12028944 -0.01839766]
 [-0.84296645 -0.07066924 -0.02884382]]",[ 0.04753386  0.90718169  0.41762174 -0.01881507],grasp7,extreme0,[ 1.42850385  1.25061535  1.26235567  0.63191243],[-0.84770433 -0.10163946 -0.03320815],[-0.84713553 -0.09488814  0.15125646]
obj15,sub5,"[[-0.86714306 -0.10377738 -0.03929926]
 [-0.83063901 -0.0634791  -0.04370324]]",[ 0.05380474  0.91174922  0.40720511 -0.00154886],grasp7,extreme1,[ 1.35951603  1.34361535  1.21134348  0.63419149],[-0.83432561 -0.09045607 -0.00677536],[-0.84410667 -0.07863471  0.1338118 ]
obj15,sub5,"[[-0.81792304 -0.05863848  0.07030994]
 [-0.85270803 -0.05558294  0.07352013]]",[-0.04152953  0.95134627  0.25479178 -0.16821629],grasp8,optimal0,[ 0.00822475  0.00695753  2.34885401  0.28383027],[-0.83456733 -0.04115174  0.05364786],[-0.77977136 -0.08277136  0.13449936]
obj15,sub5,"[[-0.78285774 -0.27991216  0.13099092]
 [-0.81395009 -0.29046467  0.14646534]]",[ 0.48354518  0.68068798  0.41786426 -0.35810249],grasp8,extreme0,[ 0.00822475  0.00701845  2.34853721  0.29496259],[-0.81081912 -0.28807887  0.11615754],[-0.75256857 -0.21470849  0.16122385]
obj15,sub5,"[[-0.77689373 -0.27884076  0.13754403]
 [-0.80467237 -0.29199476  0.14973989]]",[ 0.52568929  0.67840809  0.38922475 -0.33454047],grasp8,extreme1,[ 0.00821256  0.00703064  2.34857376  0.28532043],[-0.7953519  -0.28912861  0.12089302],[-0.75033842 -0.21505484  0.16530373]
obj15,sub6,"[[-0.78655825 -0.10035916 -0.05267236]
 [-0.84816841 -0.07423441 -0.12220079]]",[ 0.58526453 -0.42077021 -0.64091173 -0.26391288],grasp1,optimal0,[ 1.58647078  1.68256578  1.63617119  0.02059917],[-0.81630743 -0.08630993 -0.09832855],[-0.76012652 -0.18188547 -0.0737629 ]
obj15,sub6,"[[-0.81027256 -0.10565743 -0.04892966]
 [-0.85433004 -0.06571682 -0.10100475]]",[ 0.60178645 -0.39240917 -0.64961494 -0.24873389],grasp1,extreme0,[ 1.63743781  1.67489635  1.64818521  0.02007323],[-0.82971245 -0.08425275 -0.09704217],[-0.76818507 -0.17464673 -0.05209992]
obj15,sub6,"[[-0.80101513 -0.13390189 -0.08091354]
 [-0.84543335 -0.12017127 -0.05954345]]",[ 0.58443795 -0.408511   -0.6094568  -0.34657388],grasp1,extreme1,[ 1.57901759  1.69727386  1.66690476  0.02121276],[-0.81578967 -0.1069105  -0.09249973],[-0.76496191 -0.20512094 -0.08543792]
obj15,sub6,"[[-0.80732074 -0.20354114 -0.07665178]
 [-0.84290696 -0.21140077 -0.07434895]]",[ 0.00329314  0.09093542 -0.9958136   0.00867102],grasp2,optimal0,[ 1.10112645  1.09944693  1.10152821  0.02051151],[-0.83259757 -0.16353658 -0.04691635],[-0.83231322 -0.15867062  0.09339696]
obj15,sub6,"[[-0.84782743 -0.12047223 -0.02991983]
 [-0.83360515 -0.13237668 -0.05960688]]",[ 0.00127233  0.18912458 -0.98191363  0.00871163],grasp2,extreme0,[ 0.06524967  0.02185955  1.63852821  0.01665465],[-0.83438047 -0.16092867 -0.05798743],[-0.83197907 -0.15870945  0.09362058]
obj15,sub6,[-0.8452898  -0.12962469 -0.08060274],[ 0.00139921  0.17113398 -0.9852096   0.00855864],grasp2,extreme1,[ 0.0045693   0.00894365  1.17402178  0.01682996],[-0.82304987 -0.17584607 -0.05713198],[-0.83202234 -0.15871264  0.09373506]
obj15,sub6,"[[-0.79305834 -0.12818035 -0.10498005]
 [-0.84264964 -0.14480054 -0.10454202]]",[ -7.43504560e-05   2.12582262e-01  -9.77012917e-01   1.59541861e-02],grasp3,optimal0,[ 1.35844774  1.41104494  1.16867844  0.69441119],[-0.82327662 -0.11995231 -0.09629581],[-0.82592676 -0.11876918  0.06672562]
obj15,sub6,"[[-0.8205151  -0.13587489 -0.03676633]
 [-0.78693166 -0.12460607 -0.13118356]]",[-0.00281771  0.28988261 -0.95689208  0.01782377],grasp3,extreme0,[ 1.34348429  1.35404494  1.39362971  0.69441119],[-0.82057478 -0.11775196 -0.08968285],[-0.82306367 -0.11972422  0.04174556]
obj15,sub6,"[[-0.78081114 -0.13081864 -0.07711207]
 [-0.8305741  -0.15735099 -0.08042551]]",[-0.02774139  0.23014872 -0.97243647  0.02508557],grasp3,extreme1,[ 1.35845992  1.33904494  1.23162971  0.69449884],[-0.81172651 -0.1321375  -0.09627481],[-0.82377056 -0.12193618  0.09201638]
obj15,sub6,"[[-0.79208852 -0.16308281 -0.06588602]
 [-0.80600557 -0.11859011 -0.13307174]]",[ 0.67737888 -0.16489261 -0.69846908 -0.16158349],grasp4,optimal0,[ 1.63729826  1.6590062   1.65443006  3.13668392],[-0.81978958 -0.14717792 -0.10745349],[-0.7216517  -0.20007283 -0.09809622]
obj15,sub6,"[[-0.78850121 -0.14928481 -0.07826554]
 [-0.83439468 -0.11111727 -0.0990317 ]]",[ 0.66052631 -0.20004963 -0.70324923 -0.17066241],grasp4,extreme0,[ 1.68873289  1.73957449  1.68486468  3.13554439],[-0.81483712 -0.13658793 -0.10275987],[-0.71808099 -0.18395431 -0.06244182]
obj17,sub11,"[[-0.78513152 -0.22059093  0.25841251]
 [-0.87076542 -0.23857591  0.26398502]]",[ 0.46715827 -0.62669866 -0.42520753  0.45630088],grasp1,optimal0,[ 1.47810628  1.38228889  1.2613115   0.89943868],[-0.8315195  -0.21499304  0.24971541],[-0.71085331 -0.24742035  0.27153008]
obj17,sub11,"[[-0.79240729 -0.16753353  0.08518292]
 [-0.86071451 -0.12155698  0.06408488]]",[ 0.17852639 -0.69877655  0.05329771  0.69065115],grasp2,optimal0,[ 0.12835481  1.33521856  1.27941578  0.75778651],[-0.83939562 -0.15886009  0.08516487],[-0.71844296 -0.19661441  0.1040202 ]
obj17,sub11,"[[-0.86914596 -0.09062222  0.1013903 ]
 [-0.89518621 -0.16118723  0.04770282]]",[ 0.46131296 -0.6528054  -0.26535045  0.53909609],grasp2,extreme0,[ 0.12831825  1.18672768  0.95255709  0.76173103],[-0.88364998 -0.13194999  0.08325   ],[-0.71872504 -0.19727044  0.10324522]
obj17,sub11,[-0.89298415 -0.15831962  0.04023226],[ 0.48449702 -0.64020203 -0.2947144   0.51821561],grasp2,extreme1,[ 0.12859851  1.21901295  0.90605996  0.76243228],[-0.87515 -0.12025  0.06205],[-0.71877804 -0.19739736  0.10324128]
obj17,sub11,"[[-0.80942397 -0.22611608  0.1567122 ]
 [-0.89263717 -0.23219616  0.13863018]]",[ 0.55157531 -0.54570786 -0.4284292   0.46305079],grasp3,optimal0,[ 1.38987444  1.44421102  1.26951033  2.35935011],[-0.85443459 -0.20942073  0.15674874],[-0.72966715 -0.23105707  0.15162364]
obj17,sub11,"[[-0.85617152 -0.27318745  0.11465696]
 [-0.89860018 -0.26456731  0.11409533]]",[ 0.53067415 -0.55308035 -0.42405899  0.4823495 ],grasp3,extreme0,[ 1.09251602  0.704867    0.97625702  2.36645025],[-0.86813552 -0.22793536  0.12121292],[-0.73002094 -0.23274927  0.15101934]
obj17,sub11,"[[-0.79066247 -0.22664705  0.09157852]
 [-0.84924159 -0.22263533  0.14566751]]",[ 0.87158341 -0.33930679 -0.21037415  0.28452766],grasp4,optimal0,[ 1.28326339  0.79299975  1.15864446  2.35961308],[-0.80270035 -0.2196298   0.13700967],[-0.71768255 -0.28772838  0.06365632]
obj17,sub11,"[[-0.79489691 -0.24433033  0.08571033]
 [-0.84776642 -0.26402919  0.09868979]]",[ 0.86468188 -0.33224075 -0.20378997  0.31687692],grasp4,extreme0,[ 1.10414098  1.57537184  0.99335514  2.32963471],[-0.82196337 -0.23312659  0.12368274],[-0.71938551 -0.3004565   0.05582126]
obj17,sub11,"[[-0.86143337 -0.24780689  0.03629439]
 [-0.90789438 -0.24075404  0.03736666]]",[ 0.59276305 -0.50677527 -0.38516273  0.49341713],grasp5,optimal0,[ 0.96585297  1.41775161  0.93526039  2.60925749],[-0.87805    -0.21035001  0.05985   ],[-0.73302551 -0.22320881  0.06788266]
obj17,sub11,"[[-0.80750986 -0.19592733  0.07508148]
 [-0.84219219 -0.18672803  0.03829072]]",[ 0.53204561  0.36655189 -0.5306127  -0.54865047],grasp5,optimal1,[ 1.26142122  1.35483518  1.30771998  0.02559557],[-0.85323543 -0.18679141  0.08433784],[-0.7315597  -0.22062423  0.06906811]
obj17,sub11,"[[-0.80756182 -0.1960928   0.07509537]
 [-0.88651782 -0.15833787  0.06535747]]",[ 0.53328661  0.36573639 -0.53117162 -0.54744771],grasp5,extreme0,[ 1.31515372  1.46822793  1.31374282  0.64576208],[-0.85354772 -0.18701018  0.0834574 ],[-0.73158239 -0.22070789  0.06911656]
obj17,sub11,"[[-0.81788919 -0.21791109  0.08617162]
 [-0.89399887 -0.17818953  0.10714804]]",[ 0.64891769 -0.39529327 -0.47302648  0.44597646],grasp6,optimal0,[ 1.4991956   1.39033182  0.00984533  1.57368898],[-0.86555928 -0.21222127  0.09013091],[-0.74395568 -0.2322637   0.05936198]
obj17,sub11,"[[-0.90172004 -0.24233033  0.09759107]
 [-0.89320167 -0.18290471  0.11486247]]",[ 0.64900429 -0.39497506 -0.47312519  0.44602768],grasp6,extreme0,[ 1.49281787  1.39033182  0.0098697   1.16608837],[-0.86555431 -0.21223156  0.09014729],[-0.74394427 -0.23231869  0.05946965]
obj17,sub15,"[[-0.86078551 -0.14997934  0.09735432]
 [-0.88382441 -0.15852649  0.0447906 ]]",[ 0.44041794  0.05381518 -0.8412124  -0.30902695],grasp1,optimal0,[ 1.27539018  1.26300573  1.31355142  0.03506242],[-0.89885254 -0.12832973  0.0785294 ],[-0.79837521 -0.18280506  0.13399414]
obj17,sub15,"[[-0.9388421  -0.38801125  0.05196401]
 [-0.94908993 -0.4139832   0.07387035]]",[-0.49268728 -0.35522068  0.75228328  0.25523986],grasp1,extreme0,[ 1.17812498  1.20230228  0.98582411  0.01963495],[-0.94715002 -0.37195     0.09565   ],[-0.79138743 -0.3860968   0.15424568]
obj17,sub15,"[[-0.97147036 -0.28394744  0.12211313]
 [-0.92850746 -0.31592263  0.09402281]]",[ 0.4253664   0.55087174 -0.4200899  -0.58234717],grasp1,extreme1,[ 1.31792527  1.26737213  1.29321954  0.0181448 ],[-0.9393582  -0.31351075  0.14020633],[-0.81236378 -0.3116557   0.13986631]
obj17,sub15,"[[-0.89169768 -0.31994474  0.13256344]
 [-0.97448104 -0.34323073  0.13567174]]",[ 0.49467076 -0.52600744 -0.47293798  0.50492244],grasp2,optimal0,[ 1.4158613   1.47757938  0.00723778  1.6348729 ],[-0.93889719 -0.31228589  0.1325528 ],[-0.81209703 -0.31268641  0.13468919]
obj17,sub15,"[[-0.99786287 -0.36869555  0.12946866]
 [-0.98712966 -0.27469354  0.11846767]]",[ 0.49080163 -0.52501758 -0.48261519  0.50055258],grasp2,extreme0,[ 1.16875386  1.39134644  0.00716467  1.64109647],[-0.99525002 -0.32104999  0.12585   ],[-0.81542699 -0.31476677  0.13037648]
obj17,sub15,"[[-0.89262782 -0.32693345  0.10047321]
 [-0.97561563 -0.34996287  0.09838373]]",[ 0.48932631 -0.52389423 -0.50141383  0.48443655],grasp2,extreme1,[ 1.42091596  1.47045531  0.00715248  1.69631978],[-0.94005461 -0.31903658  0.10166607],[-0.81357625 -0.31845744  0.11014429]
obj17,sub15,"[[-0.88696051 -0.33246746  0.06914803]
 [-0.96884845 -0.35650196  0.05299235]]",[ 0.49146626 -0.51238259 -0.49089367  0.50492415],grasp3,optimal0,[ 1.36781004  1.46949586  1.34280227  2.42666995],[-0.93456236 -0.32704691  0.06882195],[-0.80767739 -0.31938628  0.06743058]
obj17,sub15,"[[-0.88485055 -0.31256678  0.03872445]
 [-0.95670613 -0.31518064 -0.00381762]]",[ 0.46794609 -0.5721317  -0.54727581  0.39265884],grasp3,extreme0,[ 1.52289732  1.55888577  1.50266138  3.13633329],[-0.93165828 -0.30695644  0.03555292],[-0.8029194  -0.31303349  0.03705391]
obj17,sub15,"[[-0.88718425 -0.33951739  0.08793542]
 [-0.96590196 -0.35086974  0.12246307]]",[ 0.52335977 -0.47394624 -0.47951929  0.52108615],grasp3,extreme1,[ 1.31551731  1.38600134  1.26124168  0.02962774],[-0.93454805 -0.33764295  0.08926473],[-0.80828443 -0.33023548  0.08080519]
obj17,sub15,"[[-0.96724223 -0.35784948  0.11641086]
 [-0.96277891 -0.2937153   0.11600024]]",[ 0.54178609 -0.46701414 -0.45856292  0.52733829],grasp3,optimal1,[ 1.41359863  1.45080829  1.25457186  0.99638626],[-0.93351137 -0.32851685  0.10071347],[-0.80783628 -0.32823314  0.08363862]
obj17,sub15,"[[-0.8919441  -0.31643958  0.11633846]
 [-0.97030409 -0.28657568  0.09817132]]",[-0.50901697 -0.47479737  0.52539065  0.48931977],grasp4,optimal0,[ 1.38278891  1.36637872  0.88339887  0.60149578],[-0.93949778 -0.31775897  0.11630877],[-0.81280489 -0.31984787  0.1231973 ]
obj17,sub15,"[[-0.93989003 -0.2553189   0.02025447]
 [-0.95985722 -0.30912635  0.03142135]]",[-0.36975489 -0.42367174  0.71882894  0.40874018],grasp5,optimal0,[ 1.32297169  1.34015855  0.92297281  0.60938482],[-0.95194999 -0.27344999  0.06225   ],[-0.80597447 -0.32440234  0.10928208]
obj17,sub15,"[[-0.94122556 -0.20381334  0.07958766]
 [-0.95946231 -0.22468366 -0.00207606]]",[ 0.48716674 -0.62145172 -0.45085179  0.41617183],grasp6,optimal0,[ 2.37601396  2.37616017  0.70350009  0.01542746],[-0.97014788 -0.21459759  0.04349458],[-0.82335431 -0.24853751  0.11201725]
obj17,sub15,"[[-0.96652623 -0.34571407  0.06720884]
 [-0.95947356 -0.27922563  0.05790461]]",[ 0.42923496 -0.62019335 -0.48098105  0.44696172],grasp7,optimal0,[ 1.43205786  1.43881584  0.00665291  1.70534836],[-0.93025002 -0.31474999  0.06895   ],[-0.80832941 -0.32567993  0.10791493]
obj17,sub9,"[[-0.82909963 -0.47238401  0.25560839]
 [-0.8987787  -0.49197572  0.29548143]]",[ 0.45316396 -0.4476534  -0.48456517  0.5995377 ],grasp5,optimal0,[ 1.28151107  1.33361984  1.28419112  0.03742913],[-0.87716699 -0.47567067  0.25569139],[-0.75467411 -0.44914766  0.23686792]
obj17,sub9,"[[-0.80640961 -0.54785803  0.22547018]
 [-0.85965621 -0.61680675  0.2274201 ]]",[ 0.38494906 -0.29985727 -0.6573513   0.57427268],grasp5,extreme0,[ 1.46144253  1.38464269  1.27819112  0.8997893 ],[-0.84750023 -0.57122175  0.22460362],[-0.73670921 -0.50992424  0.22826234]
obj17,sub9,"[[-0.8160277  -0.52280864  0.22703692]
 [-0.86727686 -0.5938427   0.23898838]]",[-0.29696607  0.38070213  0.60332631 -0.63472389],grasp5,extreme1,[ 1.49795021  1.3823539   1.26986296  0.93616656],[-0.85431033 -0.55117579  0.22120919],[-0.74274905 -0.4904212   0.23000144]
obj17,sub9,"[[-0.7921765  -0.5445013   0.34397186]
 [-0.854868   -0.5833554   0.38729937]]",[ 0.33644221 -0.36568797 -0.50754727  0.70389965],grasp6,optimal0,[ 1.33211296  0.03076665  1.27852658  0.02165104],[-0.83172104 -0.5716512   0.34775255],[-0.7299089  -0.49817656  0.32460182]
obj17,sub9,"[[-0.85381909 -0.49738556  0.2129624 ]
 [-0.91826187 -0.55024488  0.23951508]]",[ 0.40606174 -0.37357666 -0.480096    0.68195467],grasp7,optimal0,[ 1.42937366  1.46588744  0.01379321  1.53433141],[-0.89854233 -0.51016298  0.22397942],[-0.78469784 -0.46182601  0.195419  ]
obj17,sub9,"[[-0.85493605 -0.49730192  0.22211191]
 [-0.91970983 -0.55475604  0.22458946]]",[ 0.37552031 -0.38411475 -0.4908542   0.68593185],grasp7,extreme0,[ 1.35560738  1.33980469  0.0138785   2.81393436],[-0.89834529 -0.51356208  0.23323257],[-0.78388811 -0.46457208  0.20850976]
obj17,sub9,"[[-0.85396363 -0.49774006  0.22500707]
 [-0.91523732 -0.55029978  0.25849769]]",[ 0.3748197  -0.38401116 -0.49180622  0.68569108],grasp7,extreme1,[ 1.43846385  1.43362716  0.0138785   0.95159402],[-0.89764029 -0.5140885   0.23379361],[-0.78374778 -0.46483756  0.2082736 ]
obj17,sub9,"[[-0.4963612  -0.70456026  0.26053043]
 [-0.57655293 -0.66151673  0.2613959 ]]",[ 0.18045916 -0.68387147 -0.15026227  0.69077895],grasp8,optimal0,[ 0.01577933  1.32148474  1.27424358  0.02498197],[-0.54351836 -0.69521715  0.25721527],[-0.41688734 -0.70021351  0.26279425]
obj17,sub9,"[[-0.70932026 -0.59709569  0.11486256]
 [-0.71615493 -0.6815514   0.11512365]]",[ 0.15945952 -0.16666067 -0.65472669  0.71981236],grasp8,extreme0,[ 1.56765809  1.31874315  0.01560874  1.5921844 ],[-0.73547272 -0.63739678  0.11492636],[-0.66227152 -0.53256667  0.10705777]
obj18,sub0,"[[-0.81057138 -0.14852233 -0.04476677]
 [-0.8244198  -0.12876817 -0.11281814]]",[-0.02555505 -0.50676213 -0.86135303 -0.02469892],grasp3,optimal0,[ 1.61537635  1.5382256   1.57844023  0.00806436],[-0.9290311   0.03317373 -0.10213672],[-0.8377135 -0.1141228  0.032341 ]
obj18,sub0,"[[-0.71181007 -0.26415298 -0.05503445]
 [-0.71218103 -0.2484711  -0.12190643]]",[-0.08546059 -0.47517627 -0.86956549 -0.10372974],grasp3,extreme0,[ 1.60839676  1.52513205  1.56897267  0.00999279],[-0.93253258  0.05171003 -0.14923359],[-0.7508923  -0.24196782  0.01865643]
obj18,sub0,"[[-0.8916861  -0.08092221 -0.06374638]
 [-0.94791678 -0.06199249 -0.11435271]]",[ 0.23101536 -0.47406084 -0.84514974  0.0872934 ],grasp3,extreme1,[ 1.51563886  1.38331847  1.38924156  0.01043107],[-0.93744619 -0.02988738 -0.09351478],[-0.87374318 -0.05156433  0.01796525]
obj18,sub0,"[[-0.74620846 -0.16478482 -0.0263317 ]
 [-0.77679409 -0.1995217  -0.09220962]]",[ 0.01834392 -0.97805552 -0.20249488  0.04546122],grasp4,optimal0,[ 1.59387164  0.00647014  1.63533034  1.02277073],[-0.70979272  0.00445587 -0.04318418],[-0.73262639 -0.18833204  0.0507561 ]
obj18,sub0,"[[-0.73863679 -0.29115046 -0.09269013]
 [-0.68397169 -0.28791475 -0.06592922]]",[ 0.05670929  0.8675723   0.49187911 -0.04644672],grasp4,extreme0,[ 1.54083681  0.00623862  1.51248438  1.01619653],[-0.83517583  0.00196867 -0.05110997],[-0.71685729 -0.23794212  0.05072715]
obj18,sub0,"[[-0.76234184 -0.24035269 -0.09137085]
 [-0.73348856 -0.23065377 -0.09437001]]",[ 0.04954016 -0.83536464 -0.54593386  0.04084019],grasp4,extreme1,[ 1.53332741  0.00623862  1.5052343   1.02066699],[-0.83477287  0.01387206 -0.12269973],[-0.72418316 -0.22373069  0.0572045 ]
obj18,sub0,"[[-0.78756392 -0.09399063 -0.08998616]
 [-0.72669101 -0.11999282 -0.05853714]]",[ 0.04626924 -0.90000108 -0.43173559  0.03823064],grasp4,extreme2,[ 1.58132741  0.00623862  1.34891515  1.01952746],[-0.79875755 -0.02198546 -0.05390223],[-0.75246543 -0.08252846  0.05654975]
obj18,sub0,"[[-0.89784264 -0.16640825  0.00161362]
 [-0.89154785 -0.11782407 -0.0054352 ]]",[ 0.15821766 -0.80488494 -0.51636247  0.24596179],grasp5,extreme0,[ 1.6704704   1.58688316  1.49299915  0.00964216],[-0.85770623 -0.07923517  0.00531176],[-0.81133123 -0.15178372  0.114669  ]
obj18,sub0,"[[-0.90731782 -0.15139738  0.00309843]
 [-0.88200424 -0.09324008  0.06289101]]",[ 0.20423343 -0.78485708 -0.53505878  0.23664355],grasp5,optimal0,[ 1.61450155  1.30506262  1.62356676  0.00806436],[-0.89028641  0.08529856  0.04925802],[-0.81262818 -0.1469004   0.11521104]
obj18,sub0,"[[-0.94800197 -0.2642652   0.07419602]
 [-0.94114618 -0.22843387  0.06134123]]",[-0.20969883  0.71210091  0.58249019 -0.33112516],grasp5,extreme1,[ 1.53064628  1.5471501   1.34299895  0.00674952],[-0.85326757  0.11491698  0.05193617],[-0.83095314 -0.23639315  0.16612904]
obj18,sub0,"[[-0.80497944 -0.20299757  0.01079932]
 [-0.80114027 -0.23930816 -0.05371493]]",[-0.056573    0.41347252  0.90824335 -0.03056135],grasp6,optimal0,[ 1.64070047  1.64133468  1.62362091  0.00788904],[-1.01273351  0.02103616  0.00415773],[-0.79518484 -0.21653472  0.08939218]
obj18,sub0,"[[-0.76411995 -0.21006277 -0.00883489]
 [-0.7973501  -0.23998645 -0.05761628]]",[-0.04163367  0.47576653  0.87671733 -0.05726748],grasp6,extreme1,[ 1.68263954  1.64126157  1.33082383  0.00701248],[-1.03881244  0.08615625 -0.02830549],[-0.79453581 -0.21868219  0.08520689]
obj18,sub14,"[[-0.71346441  0.13449578  0.25018865]
 [-0.81573879  0.14140751  0.24359451]]",[ 0.59678643 -0.71635345 -0.30998379  0.18599394],grasp1,optimal0,[ 1.52007871  1.61093878  1.53183004  0.01025576],[-1.0008623  -0.02584845  0.22514417],[-0.69539724  0.0492816   0.26661633]
obj18,sub14,"[[-0.76446344  0.0942615   0.31618726]
 [-0.77241542  0.1103952   0.35109806]]",[ 0.76370644 -0.58291229 -0.22899662  0.15660872],grasp1,extreme0,[ 1.54554273  1.56286086  1.54994819  0.01612871],[-0.88417796  0.03703171  0.33259308],[-0.68917253  0.05416393  0.29249698]
obj18,sub14,"[[-0.7638639   0.09559545  0.31320334]
 [-0.78956926  0.17035159  0.3379477 ]]",[ 0.76973019 -0.57167078 -0.25841859  0.11801605],grasp1,extreme1,[ 1.41374497  1.2673603   1.28100599  0.01367434],[-0.76145494  0.16566533  0.32069745],[-0.68929555  0.05424423  0.29224263]
obj18,sub14,"[[-0.72139406  0.12713698  0.30450098]
 [-0.78458367  0.16425075  0.30388589]]",[ 0.74957973 -0.60463576 -0.20366841  0.17625271],grasp2,extreme0,[ 1.61922194  1.63291517  1.6110627   3.13186283],[-0.74281538  0.15187553  0.3123449 ],[-0.68927885  0.05545329  0.28968119]
obj18,sub14,"[[-0.75723892  0.10472465  0.30251535]
 [-0.7866489   0.16326012  0.30226552]]",[ 0.74848937 -0.60594371 -0.20423187  0.17574193],grasp2,optimal0,[ 1.61789126  1.62468938  1.59943293  3.13159986],[-0.89420428  0.0549647   0.31995796],[-0.68952153  0.05545475  0.28936985]
obj18,sub14,"[[-0.70651978  0.14133888  0.29757437]
 [-0.79881865  0.16299557  0.2965281 ]]",[ 0.7397725  -0.61125923 -0.22192701  0.17276345],grasp2,extreme1,[ 1.59925765  1.62461317  1.59383745  3.1321258 ],[-1.04243488 -0.01957997  0.32144659],[-0.69961162  0.05413999  0.28311591]
obj18,sub14,[-0.99371796  0.04486586  0.22913119],[ 0.53194336  0.51557745 -0.43976519 -0.50776247],grasp2,extreme2,[ 0.2444517   0.25835457  0.24898445  3.13195049],[-1.01165419 -0.17135338  0.23144212],[-0.91287986  0.03177733  0.22701308]
obj18,sub14,"[[-0.99428587  0.05822805  0.2371203 ]
 [-1.05669343  0.03592516  0.25815916]]",[ 0.54022815  0.51543003 -0.4347301  -0.50348303],grasp2,optimal1,[ 1.60323244  1.52633161  1.56553875  3.13282705],[-1.01946717 -0.15964001  0.25180351],[-0.91209297  0.03336718  0.23507986]
obj18,sub14,"[[-0.99354984  0.07114415  0.24130995]
 [-1.05347478  0.04146896  0.26954175]]",[ 0.54879061  0.50332613 -0.43508357 -0.50615606],grasp2,extreme3,[ 1.63330808  1.51162404  1.5762106   3.13168752],[-1.02442536  0.00789066  0.25781683],[-0.91058411  0.04055139  0.24536212]
obj18,sub14,"[[-1.05857003  0.0407601   0.24906066]
 [-1.05666407  0.01773862  0.27460921]]",[ 0.54431958  0.50866078 -0.43055534 -0.50951202],grasp3,optimal0,[ 1.56720807  1.4676232   1.51540387  0.00972982],[-1.03636955 -0.14914046  0.25217996],[-0.91063358  0.04022487  0.24471467]
obj18,sub14,"[[-0.98246469 -0.01064758  0.25585358]
 [-1.0681818   0.05413942  0.24945404]]",[ 0.54472612  0.50977613 -0.43069723 -0.50784018],grasp3,extreme0,[ 1.47340556  1.59363538  1.529819    0.00981748],[-1.0250385   0.02046837  0.25908452],[-0.91063769  0.04003718  0.24447146]
obj18,sub14,"[[-0.99184492  0.07026112  0.26210387]
 [-1.05599043  0.04060931  0.2565839 ]]",[ 0.54024117  0.51709355 -0.42529141 -0.5097852 ],grasp3,extreme1,[ 1.62723244  1.55409925  1.56892866  0.01165825],[-1.00809973 -0.36169823  0.18666548],[-0.91062293  0.03959131  0.24415105]
obj18,sub14,"[[-0.99532874  0.05419746  0.22884917]
 [-1.04544434 -0.00796142  0.2788645 ]]",[-0.12845623  0.59442222  0.27972233 -0.74291093],grasp4,optimal0,[ 1.59075723  1.57163735  1.50964007  0.01086935],[-1.02192481  0.01675134  0.24581818],[-0.90854958  0.04181653  0.24094922]
obj18,sub14,"[[-0.99614654  0.0501458   0.21708438]
 [-1.04114549 -0.0156496   0.26735685]]",[-0.30283532  0.51542229  0.43313242 -0.67455684],grasp4,extreme0,[ 1.59114714  1.61458664  1.5835439   0.01043107],[-1.04371189  0.09789053  0.19762556],[-0.90959693  0.03759045  0.23154443]
obj18,sub14,"[[-0.93645347  0.01153145  0.48671014]
 [-0.91785842 -0.05544352  0.55348282]]",[ 0.48971455 -0.29492466 -0.40044866  0.71612846],grasp5,optimal0,[ 1.5132017   1.61457446  1.5597279   0.0093792 ],[-1.06464658  0.24473818  0.42889049],[-0.85334881 -0.00140723  0.45893945]
obj19,sub11,"[[-0.78653877 -0.18168972  0.02712946]
 [-0.8354462  -0.20073167 -0.0183376 ]]",[ 0.37705379 -0.41562954 -0.8084183   0.17760174],grasp8,optimal0,[ 1.62668738  1.59903756  1.53147596  0.01621637],[-0.81845688 -0.17163919  0.0081649 ],[-0.72933698 -0.18949742  0.081828  ]
obj19,sub11,"[[-0.80656964 -0.18159085  0.01100331]
 [-0.86770363 -0.1709521  -0.01547962]]",[ 0.67032449 -0.31238569 -0.67308517 -0.00605036],grasp8,extreme0,[ 1.67590851  1.52887244  1.53134337  0.02463135],[-0.83491418 -0.13745986  0.06253555],[-0.73624315 -0.21943366  0.00997507]
obj19,sub11,"[[-0.80618688 -0.13691703  0.06653994]
 [-0.87094259 -0.12072681  0.01381846]]",[ 0.61009926 -0.39124581 -0.68854383 -0.02475902],grasp8,extreme1,[ 1.55595608  1.54392994  1.54510048  0.01709293],[-0.85051696 -0.14133048 -0.02061771],[-0.73723876 -0.17452483  0.07973981]
obj19,sub11,"[[-0.80345288 -0.12353829  0.01817828]
 [-0.86545858 -0.10463682 -0.03627518]]",[ 0.64939715 -0.2902029  -0.69172061 -0.12485275],grasp9,optimal0,[ 1.55262834  0.00672602  1.59356767  0.01349903],[-0.83735618 -0.11700822 -0.06710131],[-0.73507203 -0.16615155  0.01169828]
obj19,sub11,"[[-0.80214138 -0.11621288  0.17807572]
 [-0.81264367 -0.15998239  0.0892454 ]]",[-0.1326279   0.36890105  0.91424432 -0.10236781],grasp10,optimal0,[ 1.3471065   1.37706233  1.23124556  1.16021541],[-0.85854245 -0.11703164  0.02595631],[-0.77418781 -0.10965817  0.25203391]
obj19,sub11,"[[-0.82571958 -0.16742632 -0.06425381]
 [-0.82504035 -0.1331612  -0.06840007]]",[-0.06328055  0.69356345  0.69788501 -0.16709822],grasp11,optimal0,[  1.62078424e+00   1.66401653e+00   8.89048467e-04   1.54809341e+00],[-0.80223586 -0.14652192 -0.04156645],[-0.78342879 -0.12520497  0.073301  ]
obj19,sub11,"[[-0.79516073 -0.12251204  0.03293878]
 [-0.8570183  -0.16385923  0.01189275]]",[-0.12602894  0.54071361  0.80788957 -0.1976359 ],grasp11,extreme0,[ 1.78596776  1.63636686  0.098039    1.54704154],[-0.88083099 -0.15088705  0.04754357],[-0.79058213 -0.13148025  0.13320703]
obj19,sub11,"[[-0.89234997 -0.20068618  0.16647167]
 [-0.91366165 -0.18320533  0.12476761]]",[ 0.61829918 -0.57111889 -0.40516262  0.35689298],grasp12,optimal0,[ 1.49079406  1.64536135  1.58673325  3.13528142],[-0.92848734 -0.19123438  0.1544282 ],[-0.81037686 -0.21140611  0.17044659]
obj19,sub11,"[[-0.87322476 -0.1676535   0.11454888]
 [-0.88179556 -0.18777949  0.04450735]]",[ 0.50433271 -0.66585831 -0.44322686  0.32531705],grasp12,extreme0,[ 0.84920589  1.61452919  1.51900583  3.14159265],[-0.92021647 -0.19586241  0.03678828],[-0.80083089 -0.18780132  0.14223158]
obj19,sub11,"[[-0.86926942 -0.14914628  0.13086069]
 [-0.9363472  -0.16460177  0.07991995]]",[ 0.51588322 -0.64884502 -0.46617984  0.30909708],grasp12,extreme1,[ 1.51440917  1.54534074  1.5355233   3.14159265],[-0.92554735 -0.18833417  0.09781819],[-0.80101277 -0.18756592  0.14656298]
obj19,sub11,"[[-0.92561563 -0.24554012  0.07103782]
 [-0.94868243 -0.24921949  0.0575842 ]]",[ 0.48663423 -0.66920719 -0.45483915  0.32934815],grasp13,optimal0,[ 0.74042296  0.00703064  0.46193415  2.19411846],[-0.92474825 -0.17346132  0.05390042],[-0.80126005 -0.18973164  0.14479107]
obj19,sub11,"[[-0.85935133 -0.12086804  0.16566547]
 [-0.9430526  -0.15544024  0.12408779]]",[ 0.47085813 -0.69007363 -0.40002206  0.3769262 ],grasp14,optimal0,[ 1.45434365  1.62739123  1.44776838  3.14159265],[-0.91165984 -0.14737451  0.15100711],[-0.80301114 -0.18726475  0.18191436]
obj19,sub9,"[[-0.84473761 -0.40091429  0.22815388]
 [-0.91094265 -0.40395322  0.17859307]]",[ 0.00481135  0.78668429  0.30652366 -0.53586185],grasp1,optimal0,[ 1.46451117  1.32699041  1.31986175  0.01060638],[-0.88198742 -0.3903582   0.14828978],[-0.76974483 -0.35360511  0.22653879]
obj19,sub9,"[[-0.82816531 -0.44987233  0.26928979]
 [-0.86017136 -0.41190809  0.28001817]]",[ 0.13429179  0.61031401 -0.14485504 -0.76713724],grasp1,extreme0,[ 1.57894563  1.5541318   1.54563809  0.01428794],[-0.85028218 -0.42265499  0.33104515],[-0.75069619 -0.45980416  0.25462862]
obj19,sub9,"[[-0.89891875 -0.36550354  0.40135428]
 [-0.90017343 -0.35461239  0.36785781]]",[ 0.1012079  -0.7122251  -0.06186513  0.69185625],grasp1,extreme1,[ 1.5992497   1.54735572  1.52368268  0.01796949],[-0.8709201  -0.34950873  0.29904624],[-0.75485665 -0.38231426  0.38547568]
obj19,sub9,"[[-0.80749362 -0.24321894 -0.06815108]
 [-0.76180624 -0.24555308  0.0167574 ]]",[ 0.00918526 -0.99901405 -0.02079985  0.03813045],grasp2,optimal0,[ 1.14967845  1.11065189  1.31656988  0.12534814],[-0.79228641 -0.26522602 -0.14140164],[-0.77206716 -0.28622355  0.10048892]
obj19,sub9,"[[-0.81175762 -0.34224426  0.40169233]
 [-0.81034695 -0.32441871  0.35717909]]",[ 0.3435912  -0.69889028 -0.55149953  0.29890756],grasp3,optimal0,[ 0.01655916  0.01473144  1.58409344  0.01691762],[-0.82964235 -0.27527604  0.37660481],[-0.7484422  -0.32523009  0.45425408]
obj19,sub9,"[[-0.8760564  -0.41968334  0.01696494]
 [-0.9029748  -0.43082824  0.00462386]]",[ 0.02944276  0.57882118  0.81057932 -0.08402576],grasp4,optimal0,[ 0.01584026  0.01449993  2.14813665  0.01349903],[-0.89485735 -0.4162785  -0.03061851],[-0.78351617 -0.35563554  0.08160967]
obj19,sub9,,[ 0.46703573  0.34352178 -0.36931193 -0.72627758],grasp4,extreme0,[ 0.01627891  0.01457304  2.14825088  0.0333093 ],[-0.99275831 -0.29736178 -0.09819896],[-0.75879615 -0.38948449  0.29407184]
obj19,sub9,"[[-0.74716026 -0.56846379  0.34117808]
 [-0.73040794 -0.57595493  0.40241105]]",[ 0.32847512 -0.17080663 -0.64482438  0.66867834],grasp5,optimal0,[ 0.01074813  0.02558884  1.31273901  0.05592456],[-0.76272454 -0.58315346  0.42161143],[-0.71109098 -0.48876798  0.29223941]
obj19,sub9,"[[-0.83511046 -0.42577444  0.17762765]
 [-0.70771279 -0.49669222  0.28255558]]",[ 0.71701627 -0.07434277 -0.31461885  0.61755632],grasp5,extreme0,[ 0.16213538  0.92919386  1.15379979  0.09440556],[-0.79416246 -0.45377016  0.25117159],[-0.75107032 -0.40646725  0.13031331]
obj19,sub9,"[[-0.78221137 -0.2673654  -0.02799791]
 [-0.77783588 -0.28181999 -0.04175031]]",[ 0.07067735 -0.00769275 -0.7338454   0.67558602],grasp6,optimal0,[ 1.25413183  1.19694009  1.37012311  2.47304   ],[-0.84178412 -0.29993157 -0.00670688],[-0.8282713  -0.17724747  0.00876878]
obj19,sub9,"[[-0.83243506 -0.25191886  0.01547479]
 [-0.81808505 -0.29198821 -0.0083832 ]]",[-0.03649644  0.06081365  0.6602432  -0.74769555],grasp6,extreme0,[ 1.57815368  1.59017706  1.47192121  2.93305892],[-0.83204314 -0.28743071  0.01913104],[-0.82795036 -0.1719848   0.01647724]
obj19,sub9,"[[-0.77775173 -0.29444219 -0.06500978]
 [-0.76580921 -0.30423153 -0.11126646]]",[-0.02942682  0.2046132  -0.83465368  0.51051027],grasp6,extreme1,[ 1.54532559  1.55430787  1.52054106  3.12721706],[-0.76018727 -0.32253503 -0.0841843 ],[-0.79986085 -0.23155306 -0.02163286]
obj19,sub9,"[[-0.69826719 -0.42232105  0.13140195]
 [-0.64074    -0.41562864  0.1309343 ]]",[ 0.45650107  0.88526528 -0.00520077  0.08879816],grasp7,optimal0,[ 1.51932052  1.41614321  1.6305855   0.01928433],[-0.69971094 -0.40611609  0.16292012],[-0.69715641 -0.31001585  0.23261848]
obj19,sub9,"[[-0.82660717 -0.33132748 -0.07640022]
 [-0.85763211 -0.35654837 -0.10392298]]",[ 0.75749717  0.61001741 -0.15990954 -0.16883643],grasp7,extreme0,[ 1.57906414  1.48757272  1.59801347  0.03497476],[-0.89335546 -0.33309711 -0.07557236],[-0.79045528 -0.26021483 -0.08132242]
obj19,sub9,"[[-0.85416056 -0.24525626 -0.01791958]
 [-0.90471234 -0.28470793  0.0115863 ]]",[ 0.7151186   0.47856913 -0.03823545 -0.50805021],grasp7,extreme1,[ 1.55156145  1.66921241  1.51583107  0.04356505],[-0.83179809 -0.33554869 -0.03385057],[-0.80765376 -0.20217851 -0.06662883]
obj19,sub9,"[[-0.95043642 -0.26075222  0.25483612]
 [-0.90404227 -0.27701335  0.26090992]]",[ 0.70876568  0.54819303 -0.26083479 -0.35930603],grasp8,optimal0,[ 1.01425156  1.16964294  0.04092878  0.07661138],[-0.93796856 -0.27878352  0.18838278],[-0.83602321 -0.20333907  0.28544045]
obj1,sub7,"[[-0.80559882 -0.11908492  0.06111735]
 [-0.76720765 -0.14862208  0.04145087]]",[ 0.14379658 -0.92575456  0.0523166   0.34578029],grasp1,optimal0,[ 1.49700162  1.42067596  1.56303112  0.01060638],[-0.85340394 -0.13120285  0.04911301],[-0.67780069 -0.17561233  0.1603619 ]
obj1,sub7,"[[-0.77660773 -0.13107636  0.10404457]
 [-0.7762101  -0.14220246  0.08881008]]",[ 0.16762022 -0.92469266 -0.007777    0.34174036],grasp1,extreme0,[ 2.00530324  1.55808409  1.58898477  0.0101681 ],[-0.86659698 -0.16264033  0.07894388],[-0.68184856 -0.17678976  0.16530576]
obj1,sub7,"[[-0.67425833 -0.19644748  0.070606  ]
 [-0.61473912 -0.20576465  0.0441996 ]]",[ 0.10568778 -0.97864617  0.08988972  0.15166282],grasp2,optimal0,[ 1.19684609  1.16325968  0.81250585  0.34326107],[-0.66444621 -0.25430528  0.06150192],[-0.60699427 -0.27373288  0.21659512]
obj1,sub7,"[[-0.64510285 -0.28832413  0.1393098 ]
 [-0.68552683 -0.17943395  0.09109729]]",[ 0.12749911 -0.97727141  0.05832143  0.15900688],grasp2,extreme0,[ 1.10394352  1.1604521   0.74328428  0.35071184],[-0.66948485 -0.23511962  0.09439271],[-0.60758168 -0.26932737  0.23042817]
obj1,sub7,"[[-0.66391943 -0.17678199  0.09021775]
 [-0.68135704 -0.29895388  0.06523788]]",[ 0.09372165 -0.97441914  0.15654207  0.13121804],grasp2,extreme1,[ 1.11598007  1.20842773  0.77023554  0.34133264],[-0.67343764 -0.23736014  0.06491546],[-0.60882999 -0.26387151  0.24188063]
obj1,sub7,"[[-0.79798511 -0.30457607  0.08258675]
 [-0.8679403  -0.19789866  0.09866679]]",[ 0.10554799 -0.82508907  0.04419997  0.55329379],grasp3,optimal0,[ 1.04273518  1.06014171  0.79797324  0.33300532],[-0.86516951 -0.2507487   0.0643862 ],[-0.70429308 -0.27970993  0.10960366]
obj1,sub7,"[[-0.80096096 -0.30331386  0.14401138]
 [-0.88707723 -0.24319266  0.13039761]]",[ 0.09915509 -0.81666657 -0.04785205  0.56651052],grasp3,extreme0,[ 1.081723    1.11999549  0.75004635  0.33370656],[-0.86986532 -0.29473268  0.15583931],[-0.71319701 -0.29479872  0.13509016]
obj1,sub7,"[[-0.79861361 -0.3155966   0.12689475]
 [-0.88683998 -0.26204487  0.10824826]]",[ 0.14323882 -0.81793322 -0.14368667  0.53835121],grasp3,extreme1,[ 1.12961333  1.04201986  0.77999761  0.33870296],[-0.8671078  -0.33386712  0.15121821],[-0.71189737 -0.29735243  0.12595494]
obj1,sub7,"[[-0.7156928  -0.18147141  0.09872414]
 [-0.6800162  -0.17807718  0.05822094]]",[ 0.08892849 -0.92686065  0.01043574  0.36457119],grasp4,optimal0,[ 1.6067746   1.5881562   1.3790892   0.01139529],[-0.77215037 -0.20045819  0.08492795],[-0.58757642 -0.198461    0.19249304]
obj1,sub7,"[[-0.69740712 -0.20530267  0.05685878]
 [-0.69643568 -0.2038427  -0.00707259]]",[ 0.05249538 -0.69598571  0.15347116  0.69949605],grasp5,optimal0,[ 2.02855186  1.96845637  1.59758115  0.01139529],[-0.77952035 -0.19657237  0.04673013],[-0.57695866 -0.23190095  0.02404761]
obj1,sub7,"[[-0.70296874 -0.22614434  0.07234845]
 [-0.70168076 -0.22575738  0.02179403]]",[ 0.05816456 -0.74051411  0.12928666  0.65691757],grasp5,extreme0,[ 2.03665476  1.96918746  1.597604    0.01306075],[-0.79194717 -0.22264107  0.06762298],[-0.58410095 -0.24161745  0.0638671 ]
obj1,sub8,"[[-0.77600981 -0.12341044 -0.03007812]
 [-0.87608664 -0.12060172 -0.11191807]]",[ 0.64842869 -0.18707271 -0.70839708 -0.20668239],grasp6,optimal0,[ 0.9908447   1.03962353  0.97782027  0.01919667],[-0.81269599 -0.08347264  0.05166267],[-0.70511006 -0.16298434 -0.06575174]
obj1,sub8,"[[-0.80032919 -0.16382305  0.08788432]
 [-0.90535372 -0.11470537  0.03038392]]",[ 0.20414075 -0.91824427 -0.33820492  0.02777491],grasp7,optimal0,[ 1.06760499  1.12506796  0.97346829  0.94239014],[-0.82862492 -0.10944592  0.05900302],[-0.80650384 -0.16306462  0.18633924]
obj1,sub8,"[[-0.72373819 -0.21032538  0.10508807]
 [-0.72311768 -0.21799201  0.04193425]]",[ 0.42583835 -0.70908758 -0.48209663 -0.28885868],grasp8,optimal0,[ 2.3626594   2.31331091  2.37489295  0.01192122],[-0.76355473 -0.1287619   0.07590578],[-0.73214592 -0.29339062  0.116282  ]
obj1,sub8,"[[-0.80179915 -0.13080843 -0.05173735]
 [-0.84160567 -0.14228629 -0.08527479]]",[ 0.35507021 -0.21235945 -0.83803114 -0.35571396],grasp9,optimal0,[ 1.04169815  1.0186291   1.01459488  0.01367434],[-0.91737436 -0.05055343  0.05260741],[-0.7825951  -0.18080218  0.01433702]
obj1,sub8,"[[-0.80736331 -0.12909768 -0.04469288]
 [-0.87074866 -0.09520631 -0.11866911]]",[ 0.35428109 -0.21680348 -0.84002512 -0.34905437],grasp9,optimal1,[ 1.02550139  1.06893512  1.00804384  0.01832011],[-0.91189784 -0.04916324  0.04994676],[-0.78254615 -0.18127866  0.0133945 ]
obj1,sub8,"[[-0.79096788 -0.15132374 -0.01230169]
 [-0.83372903 -0.16047779 -0.05218546]]",[ 0.26661404 -0.27755326 -0.86871498 -0.31179388],grasp9,extreme0,[ 1.01029121  0.99298319  1.02119095  0.01981027],[-0.89420671 -0.0650255   0.03293299],[-0.77910417 -0.19540955  0.055732  ]
obj1,sub8,"[[-0.77717264 -0.18904787  0.05708589]
 [-0.75833014 -0.16961982  0.05235546]]",[ 0.27835853 -0.50876262 -0.75429185 -0.30776764],grasp10,optimal0,[ 2.37455178  2.37513665  1.81557353  0.01420028],[-0.81835818 -0.14006374  0.04098793],[-0.72614208 -0.22166525  0.14468665]
obj1,sub8,"[[-0.75415326 -0.13332682  0.09613721]
 [-0.77486621 -0.15487716  0.04562896]]",[ 0.43717716 -0.62600766 -0.60010687 -0.23845812],grasp10,extreme0,[ 2.37435682  2.3751001   1.81539076  0.01472622],[-0.81651067 -0.05806159  0.08303601],[-0.73408604 -0.21296508  0.11013404]
obj22,sub14,"[[-0.94451579 -0.13064944  0.28312041]
 [-1.03691845 -0.17164362  0.29727263]]",[-0.44595774  0.46342683  0.57006986 -0.51125104],grasp1,optimal0,[ 1.27162638  1.26478518  1.23298272  0.02103745],[-1.00211814 -0.14346133  0.27598073],[-0.8668302  -0.11596651  0.28946769]
obj22,sub14,"[[-1.03321934 -0.06543011  0.35304412]
 [-1.00754934 -0.00226531  0.38392339]]",[ 0.51614819 -0.40235555 -0.54072745  0.52850249],grasp1,extreme0,[ 1.54961022  1.77253839  1.01836275  0.0079767 ],[-1.03128792 -0.02009995  0.34953791],[-0.86993534 -0.01463305  0.34652128]
obj22,sub14,"[[-0.95363695 -0.04716558  0.32347079]
 [-0.96940515 -0.0857326   0.3574082 ]]",[ 0.49384441 -0.32096478 -0.58875411  0.55359544],grasp2,optimal0,[ 2.12832352  1.39025474  1.09108397  0.00999279],[-1.00823487 -0.07289382  0.33763703],[-0.87868771 -0.01791322  0.33938383]
obj22,sub14,"[[-0.94772077 -0.04278654  0.29285178]
 [-0.96731643 -0.07838787  0.34560351]]",[-0.29920333  0.36684477  0.58005336 -0.662903  ],grasp3,optimal0,[ 1.90189217  1.32346332  1.07945827  0.46948578],[-0.98945591 -0.0894448   0.30748894],[-0.88494594  0.00662858  0.30528949]
obj22,sub14,"[[-0.92951378 -0.04953521  0.33569376]
 [-0.9506449  -0.08915456  0.36393237]]",[ 0.39001238 -0.27161692 -0.60501479  0.6388049 ],grasp4,optimal0,[ 1.50273298  1.42599442  1.03646463  0.50481116],[-0.990411   -0.0607309   0.32196635],[-0.88413402  0.01713452  0.3071988 ]
obj22,sub14,"[[-0.93773973 -0.01832265  0.35769881]
 [-0.99245249 -0.10536977  0.39003332]]",[ 0.32209264 -0.33322548 -0.5546894   0.69104036],grasp5,optimal0,[ 1.21258743  1.185717    1.2520697   0.46895984],[-0.98922537 -0.05211561  0.35397055],[-0.87476939  0.02448899  0.33339375]
obj22,sub14,"[[-1.00427017 -0.00642929  0.21385922]
 [-1.00351316  0.0290087   0.21947959]]",[ 0.47993774 -0.50695874 -0.41054347  0.58660605],grasp6,optimal0,[ 2.11361556  1.9037474   1.99456842  2.62389605],[-1.03959883  0.04027198  0.19602373],[-0.91016281 -0.00646196  0.25160632]
obj22,sub14,"[[-0.98836586 -0.0361798   0.26277841]
 [-1.04394285 -0.02458982  0.23797765]]",[ 0.53102309 -0.4727038  -0.4915967   0.50288993],grasp7,optimal0,[ 1.8229455   1.8164201   1.80888318  3.0350029 ],[-1.01039793 -0.005726    0.28950122],[-0.91215803 -0.00262082  0.23741057]
obj22,sub14,"[[-0.9850033  -0.04358901  0.2787726 ]
 [-1.03841032  0.00535288  0.31896373]]",[ 0.54891266  0.46874316 -0.41962398 -0.55035485],grasp7,extreme0,[ 1.7449455   1.7834201   1.74288318  3.04324257],[-1.01397284 -0.01220632  0.26217223],[-0.90532714 -0.01210907  0.28623242]
obj22,sub14,"[[-0.97425099 -0.06537997  0.20361864]
 [-0.98046485 -0.08727111  0.16164952]]",[-0.37730431  0.39725799  0.72288911 -0.42102123],grasp8,optimal0,[ 2.09983077  0.00707938  0.00509325  3.01922481],[-1.02385404 -0.08264386  0.17430852],[-0.90487213 -0.03017215  0.22332874]
obj22,sub14,"[[-0.98426448 -0.02178695  0.24239149]
 [-1.05489353 -0.0988235   0.25235611]]",[ 0.4228307  -0.39581387 -0.54967567  0.60199853],grasp9,optimal0,[ 1.25278309  1.26082468  2.10142041  1.42616385],[-1.04042608 -0.04183076  0.24470892],[-0.91024902  0.00440219  0.23011876]
obj22,sub14,"[[-0.83890444 -0.17059721  0.24500949]
 [-0.83232803 -0.20503337  0.27329067]]",[ 0.17287765  0.07603913 -0.77907584  0.59780616],grasp10,optimal0,[ 2.13718848  1.4779534   1.04669729  0.00990513],[-0.8457416  -0.23078275  0.23831397],[-0.84750785 -0.09915751  0.29378788]
obj22,sub14,"[[-0.84579282 -0.34853423  0.37715063]
 [-0.89534775 -0.32959513  0.39098921]]",[ 0.28314458  0.0660204  -0.72119348  0.62876897],grasp10,extreme0,[ 1.10926023  1.23506896  1.29134598  0.03120555],[-0.89453256 -0.36425394  0.36149082],[-0.8341191  -0.16349147  0.36586268]
obj22,sub14,"[[-0.95284027 -0.19484103  0.25790165]
 [-0.99813585 -0.21907587  0.25960654]]",[-0.11462654  0.62626018  0.51329255 -0.57549084],grasp11,optimal0,[ 1.7661312   1.73241891  1.7936471   0.01086935],[-0.96330073 -0.23095693  0.20577964],[-0.88172037 -0.16032955  0.27071376]
obj2,sub4,"[[-0.86167914 -0.1086051  -0.07198825]
 [-0.85793501 -0.1243351  -0.01658644]]",[ 0.71481349  0.09909888 -0.67858071 -0.13692813],grasp6,optimal0,[ 1.20378349  1.23605638  1.15344037  0.0195473 ],[-0.81107817 -0.10499343  0.03256752],[-0.68488111 -0.09649131 -0.04559919]
obj2,sub4,"[[-0.86957577 -0.12626319 -0.12561005]
 [-0.86712574 -0.07008843 -0.08243348]]",[ 0.68673498  0.06105619 -0.7116387  -0.13504658],grasp6,extreme0,[ 1.2130058   1.23191304  1.15203802  0.01665465],[-0.82049577 -0.13432675  0.02165751],[-0.69397386 -0.12453643 -0.087233  ]
obj2,sub4,"[[-0.77818017 -0.12366566  0.00769957]
 [-0.83166168 -0.14816598  0.00578009]]",[ 0.7089332   0.08876248 -0.68523721 -0.141368  ],grasp6,extreme1,[ 1.5688479   1.52512962  1.45014225  0.0159534 ],[-0.82572638 -0.10717865  0.04397621],[-0.69837082 -0.12490858  0.04570475]
obj2,sub4,"[[-0.80421809 -0.14773123 -0.12412207]
 [-0.85472281 -0.14861245 -0.11565419]]",[ 0.69841624  0.14175726 -0.67890898 -0.17664155],grasp6,optimal1,[ 1.23223711  1.22667344  1.24770983  0.02401776],[-0.82518712 -0.13607116  0.0246377 ],[-0.6967759  -0.11621372 -0.07513676]
obj2,sub4,"[[-0.79394897 -0.12311957  0.1677783 ]
 [-0.79591802 -0.14621542  0.11559362]]",[-0.03872539  0.62189267  0.7774285  -0.08575996],grasp7,optimal0,[ 1.83360671  1.25818018  1.28307667  0.02910181],[-0.84324059 -0.13173976  0.03593757],[-0.79104665 -0.12348108  0.24778902]
obj2,sub4,"[[-0.82743951 -0.11626548  0.09113755]
 [-0.84308695 -0.05077385  0.04292664]]",[ 0.42773436 -0.34415232 -0.61685069 -0.56400154],grasp8,optimal0,[ 1.49032456  1.25425353  1.74455449  0.01411262],[-0.80943669 -0.05866667 -0.00288491],[-0.80917334 -0.19353822  0.07474765]
obj3,sub7,"[[-0.79665518 -0.13607965 -0.06425986]
 [-0.84573003 -0.08051711  0.00324938]]",[ 0.20344569 -0.66616396  0.20667674  0.68711001],grasp7,optimal0,[ 1.44985715  1.49871477  1.4804654   0.01227185],[-0.82885962 -0.11396563 -0.02678834],[-0.73157594 -0.18150353 -0.02630202]
obj3,sub7,"[[-0.84731671 -0.08633189  0.00146267]
 [-0.84765204 -0.08228065 -0.04978138]]",[ 0.20644216 -0.66691221  0.2035832   0.68641359],grasp7,extreme0,[ 1.50385715  1.47018285  1.48945321  0.0115706 ],[-0.82796543 -0.11850606  0.00767497],[-0.73173767 -0.18184483 -0.02609557]
obj3,sub7,"[[ -7.95931857e-01  -1.37854581e-01   6.62511891e-03]
 [ -8.47372831e-01  -8.68766194e-02   3.91274475e-04]]",[ 0.20548272 -0.66692011  0.20488073  0.68630773],grasp7,extreme1,[ 1.5128206   1.47018285  1.48645321  0.01200888],[-0.82976579 -0.11689905 -0.03629847],[-0.73152115 -0.1815447  -0.02695417]
obj3,sub7,"[[-0.83392874 -0.04103261 -0.04919267]
 [-0.82401133 -0.04378951 -0.09175327]]",[ 0.1659679  -0.80420565  0.20343871  0.53321724],grasp8,optimal0,[ 0.9646081   0.93735779  1.36827327  0.02357948],[-0.84862882 -0.07213798 -0.08056502],[-0.72305033 -0.17929941 -0.00363464]
obj3,sub7,"[[-0.82659308 -0.03866785 -0.02742108]
 [-0.82384324 -0.04479043 -0.08070823]]",[ 0.16661843 -0.80500518  0.19503395  0.53494553],grasp8,extreme0,[ 0.84454718  0.88935779  1.44312706  0.02322885],[-0.8449842  -0.07211599 -0.03186867],[-0.72653365 -0.18348882  0.0024039 ]
obj3,sub7,"[[-0.85670763 -0.04840096  0.08944098]
 [-0.85873767 -0.05325075  0.04034915]]",[ 0.14238484 -0.76567215  0.2055805   0.59262921],grasp8,extreme1,[ 0.90152281  0.91645527  1.40715143  0.0151645 ],[-0.87898412 -0.08223747  0.05918273],[-0.74422695 -0.18778478  0.11010809]
obj3,sub7,"[[-0.73948619 -0.16383187 -0.0827473 ]
 [-0.68939301 -0.15355984 -0.09246681]]",[ 0.08673552  0.9954611   0.01824789 -0.03465781],grasp9,optimal0,[ 1.27288853  1.17719613  1.25768318  0.26524719],[-0.7099699  -0.18480325 -0.05631393],[-0.70414418 -0.15711838  0.09160274]
obj3,sub7,"[[-0.74351861 -0.16154646 -0.04131375]
 [-0.69720515 -0.1551546  -0.04928821]]",[ 0.08925915  0.99506118  0.01472416 -0.04085636],grasp9,extreme0,[ 1.28190071  1.22819613  1.12772573  0.26568547],[-0.71672861 -0.18712741 -0.06554505],[-0.70669208 -0.15338844  0.13311453]
obj3,sub7,"[[-0.70618588 -0.2092315   0.05669717]
 [-0.75427336 -0.16799676 -0.0355654 ]]",[ 0.04278826  0.98579634  0.15889191 -0.03358715],grasp9,extreme1,[ 1.28162046  1.21918394  1.13970137  0.26366938],[-0.71958264 -0.17997613 -0.00610442],[-0.71608383 -0.16717237  0.13661862]
obj3,sub7,"[[-0.83339646 -0.1741148  -0.00940576]
 [-0.8037467  -0.13138274 -0.00374493]]",[ 0.59683085 -0.65131994 -0.37685683  0.27848555],grasp10,optimal0,[ 1.41468015  1.40956804  0.5053606   0.00929154],[-0.80363858 -0.15939913 -0.06513275],[-0.68491089 -0.25112946  0.00643468]
obj3,sub7,"[[-0.84684498 -0.15826282  0.03871787]
 [-0.85232376 -0.14040047  0.03666923]]",[ 0.19938878 -0.73300732  0.11379181  0.64030915],grasp11,optimal0,[ 1.17803175  1.47912865  1.41062768  0.12675064],[-0.88700224 -0.17475088 -0.00803339],[ -7.78696429e-01  -2.31363581e-01  -2.79289526e-05]
obj3,sub7,"[[-0.85442719 -0.14542059  0.04243403]
 [-0.91111747 -0.14784126 -0.03109814]]",[ 0.23034175 -0.73140047  0.08424436  0.63631667],grasp11,extreme0,[ 1.25622324  1.46407991  1.29963986  0.12631236],[-0.88850286 -0.17252182  0.01676411],[ -7.78504924e-01  -2.30409940e-01   6.56368009e-04]
obj3,sub7,"[[-0.84293157 -0.10011025 -0.06238119]
 [-0.83395207 -0.09365371 -0.11878619]]",[ 0.28397076 -0.70930741  0.12648736  0.63264884],grasp12,optimal0,[ 1.29742973  1.33143037  1.01910685  0.01472622],[-0.84999561 -0.13292087 -0.08981423],[-0.70655575 -0.20847419 -0.08808612]
obj3,sub7,"[[-0.9028005  -0.16541331  0.21013602]
 [-0.90008669 -0.15450633  0.16766372]]",[ 0.29655033 -0.64837433  0.03900983  0.7001049 ],grasp12,extreme0,[ 1.30627133  1.35250348  1.00105811  0.01332372],[-0.907018   -0.19132661  0.16501561],[-0.75692923 -0.24811847  0.15271822]
obj3,sub7,"[[-0.8961121  -0.15581263  0.22442926]
 [-0.9009364  -0.14065319  0.18309475]]",[ 0.28665847 -0.60508288  0.06606932  0.73982192],grasp12,extreme1,[ 1.32423477  1.32250348  0.98264382  0.01393731],[-0.91932756 -0.18635562  0.22185907],[-0.75917771 -0.24011987  0.15723633]
obj4,sub4,"[[-0.84107106 -0.18008245  0.1425361 ]
 [-0.85444807 -0.16102856  0.14354842]]",[ 0.4387539  -0.66216216 -0.09469295  0.60005794],grasp9,optimal0,[ 2.37661101  2.37592866  2.37545346  0.01349903],[-0.85147881 -0.16804325  0.13863304],[-0.76445625 -0.19165581  0.10538487]
obj4,sub4,"[[-0.90235504 -0.08883587  0.04446026]
 [-0.92795919 -0.16114157 -0.01100506]]",[ 0.27471652 -0.72974309  0.006589    0.62606904],grasp10,optimal0,[ 1.16311296  0.92280455  1.0809081   0.01490153],[-0.87234689 -0.11428413 -0.03656267],[-0.75531393 -0.18051014  0.0102538 ]
obj4,sub4,"[[-0.84407397 -0.14932055  0.05314051]
 [-0.84690425 -0.14640225  0.05428974]]",[ 0.41554428 -0.71032605 -0.20561622  0.52960535],grasp11,optimal0,[ 1.64199341  1.3020067   1.35146747  0.23859975],[-0.87824158 -0.10119418 -0.0279252 ],[-0.75947431 -0.18860211  0.0106296 ]
obj4,sub4,"[[-0.92252298 -0.1469446   0.04622695]
 [-0.86460106 -0.09844132  0.02519084]]",[ 0.38684719 -0.70089327 -0.43408674  0.41311811],grasp11,extreme0,[ 1.17769855  1.47652816  1.50091466  0.00771373],[-0.89913142 -0.09586502 -0.01292296],[-0.73044798 -0.1641317   0.07036813]
obj4,sub4,"[[-0.78146771 -0.05797846  0.03296619]
 [-0.67691726 -0.10187063  0.03952277]]",[ 0.01886847  0.98336208 -0.18009153  0.01449284],grasp12,optimal0,[ 1.4694866   1.5719776   1.52342483  0.87848888],[-0.73119155 -0.09673438 -0.04455152],[-0.74251332 -0.10895184  0.14739796]
obj4,sub4,"[[-0.83373718 -0.16151695  0.07622435]
 [-0.7684662  -0.09990787  0.04147909]]",[ 0.25162061 -0.37934499  0.52114149  0.72193905],grasp13,optimal0,[ 1.26890595  1.48704401  1.61032747  0.03734148],[-0.77892506 -0.09958065  0.0195792 ],[-0.78307953 -0.22945634  0.03550668]
obj4,sub4,"[[-0.77690473 -0.18076504  0.02721522]
 [-0.7395321  -0.09707643 -0.02079494]]",[ 0.16021377 -0.21370106  0.62626819  0.73242854],grasp13,extreme0,[ 1.17217156  1.1404555   0.00623862  0.0151645 ],[-0.74994694 -0.1068253  -0.03473977],[-0.76318207 -0.2559413   0.00160333]
obj4,sub4,"[[-0.83953323 -0.41693988  0.08097069]
 [-0.86237759 -0.43781606  0.13837516]]",[ 0.2823018  -0.65263434 -0.13880794  0.68927967],grasp14,optimal0,[ 2.37633076  2.37594085  2.37575808  0.01393731],[-0.85934686 -0.4451687   0.14100491],[-0.76990464 -0.44376206  0.09588693]
obj4,sub4,"[[-0.91960082 -0.27021958  0.10789649]
 [-0.98411491 -0.18924453  0.12285962]]",[ 0.39245115 -0.69659635 -0.07882356  0.5954179 ],grasp14,extreme0,[ 1.19186112  1.65831695  1.07581232  0.02059917],[-0.96931065 -0.22815751  0.03157851],[-0.83551741 -0.27623257  0.08052327]
obj4,sub4,"[[-0.89739959 -0.23046443  0.06330741]
 [-0.9272474  -0.24143966  0.11137235]]",[ 0.38737291 -0.70129572 -0.06280423  0.59513206],grasp14,extreme1,[ 2.37648916  2.37587992  2.37562404  0.01349903],[-0.92689247 -0.2488484   0.11307439],[-0.83510626 -0.27521551  0.08038583]
obj4,sub4,"[[-0.91454034 -0.18367452  0.1541306 ]
 [-0.95761749 -0.17512998  0.15796874]]",[ 0.67519553  0.13847321 -0.03311167 -0.72376777],grasp15,optimal0,[ 0.00817601  0.00841971  0.003692    0.18951237],[-0.93841123 -0.21593105  0.09816286],[-0.80574451 -0.2131605   0.08471773]
obj4,sub5,"[[-0.82875765 -0.17250045  0.03208042]
 [-0.82311584 -0.18025261  0.03304347]]",[ 0.64759167 -0.59421604 -0.25475775  0.40327511],grasp1,optimal0,[ 2.37616017  2.37612362  2.37558749  0.00894092],[-0.83152355 -0.17130422  0.03292345],[-0.75483346 -0.19376571  0.01131583]
obj4,sub5,"[[-0.93395288 -0.15351383  0.25669257]
 [-0.92061417 -0.1245847   0.23873211]]",[ 0.23771747 -0.78464437 -0.38444941  0.4242903 ],grasp2,optimal0,[ 0.70839308  0.71900221  1.38668497  0.00885326],[-0.94281389 -0.18528008  0.1619625 ],[-0.76576544 -0.19873706  0.26462083]
obj4,sub5,"[[-0.89281349 -0.27523803  0.14295967]
 [-0.87347948 -0.20823547  0.12858075]]",[-0.23291736  0.58283065  0.70944666 -0.32053606],grasp3,optimal0,[ 1.30254801  1.57642129  1.35788525  0.00920388],[-0.90489551 -0.25164679  0.0893498 ],[-0.75418672 -0.20818683  0.25089325]
obj4,sub5,"[[-0.90379271 -0.27639861  0.14933767]
 [-0.94179685 -0.23251408  0.1866642 ]]",[-0.25490055  0.55184781  0.73085929 -0.31037784],grasp3,extreme0,[ 1.20652364  0.81726289  1.30604147  0.00911623],[-0.89969353 -0.24772646  0.09691237],[-0.75497095 -0.20759464  0.25153238]
obj4,sub5,"[[-0.92028087 -0.27164026  0.21463789]
 [-0.93121142 -0.23487981  0.21891198]]",[-0.24896459  0.54941726  0.73561136 -0.3082746 ],grasp3,extreme1,[ 0.62165767  0.58590953  1.38856297  0.00894092],[-0.93699488 -0.24590929  0.11912183],[-0.75395767 -0.20758701  0.25022962]
obj4,sub5,"[[-0.84181932 -0.22138242  0.21862402]
 [-0.82441571 -0.22547614  0.12397808]]",[-0.24636014  0.60390194  0.70624344 -0.27537126],grasp4,optimal0,[ 1.93618946  1.71742487  1.65478885  0.01393731],[-0.85458357 -0.20713299  0.20112239],[-0.74455195 -0.19213151  0.2350405 ]
obj4,sub6,"[[-0.83892117 -0.06555495  0.0049715 ]
 [-0.82216599 -0.06426466 -0.02238335]]",[ 0.62433398 -0.38698424 -0.49553952 -0.46356322],grasp7,optimal0,[ 1.97498743  1.51790519  1.72113578  0.01709293],[-0.81881228 -0.08656604 -0.03680645],[-0.78579936 -0.19375208 -0.05959055]
obj4,sub6,"[[-0.86446601 -0.1375427   0.01850589]
 [-0.79940677 -0.13066376  0.00861473]]",[ 0.47073982 -0.87379655 -0.10450282  0.06295062],grasp8,optimal0,[ 1.49814859  1.61775212  1.33632916  0.01560278],[-0.83989626 -0.09238629 -0.04012824],[-0.79715896 -0.2642883   0.10898032]
obj4,sub6,"[[-0.87320724 -0.11015029 -0.06311546]
 [-0.83814578 -0.12167576  0.03605535]]",[ 0.4884133  -0.84601933 -0.2060818   0.0568685 ],grasp9,optimal0,[ 1.79695514  1.83650704  1.56052105  0.0253326 ],[-0.85817311 -0.105471    0.02151247],[-0.81358071 -0.2159449   0.02098178]
obj5,sub4,"[[-0.73365921 -0.15593926  0.01152072]
 [-0.80947233 -0.08886701  0.03405318]]",[ 0.36590156 -0.70063475  0.06553068  0.60904247],grasp1,optimal0,[ 1.22022599  1.2518464   1.2529121   0.01805715],[-0.82302499 -0.1105371   0.02700276],[-0.67357381 -0.20737772 -0.00369514]
obj5,sub4,"[[-0.70989739 -0.11155952  0.01760597]
 [-0.80820305 -0.0687865   0.0617725 ]]",[ 0.3658395  -0.72897527  0.01568908  0.57836872],grasp1,extreme0,[ 1.20409832  1.19566696  1.28675245  0.01428794],[-0.84396501 -0.11346721  0.10315496],[-0.66395482 -0.18155961  0.03692445]
obj5,sub4,"[[-0.85409765 -0.14943618  0.11418594]
 [-0.84314781 -0.12175613  0.07073407]]",[ 0.27962985 -0.71561589 -0.00953991  0.64000783],grasp1,extreme1,[ 1.79396745  1.6987873   0.9352152   0.01569043],[-0.90655931 -0.10713888  0.00996029],[-0.70500693 -0.17692724  0.11165727]
obj5,sub4,"[[-0.79238825 -0.14195882  0.08240978]
 [-0.87023957 -0.07035564  0.1296572 ]]",[ 0.25535333 -0.71079045  0.03973952  0.65421127],grasp1,extreme2,[ 1.26672124  1.24833585  1.22959765  0.01893371],[-0.86089886 -0.05639364  0.00948783],[-0.71397541 -0.1582553   0.10212572]
obj5,sub4,"[[-0.78288305  0.00123504  0.12136545]
 [-0.78389053  0.00371262  0.06460154]]",[ 0.20920817 -0.66856717  0.16207571  0.69496859],grasp2,optimal0,[ 0.5939621   0.61205385  0.53732704  0.0181448 ],[-0.85511783 -0.06953293  0.0817402 ],[-0.71206349 -0.15067202  0.07948334]
obj5,sub4,"[[-0.81037261 -0.05435417 -0.08828144]
 [-0.75865582 -0.05465615 -0.09113939]]",[ 0.01251914 -0.99802922  0.03847384  0.04796574],grasp2,extreme0,[ 0.69727911  0.64230427  0.4306333   0.01148294],[-0.88976589 -0.1533854  -0.10174585],[-0.78332683 -0.14945373  0.04729434]
obj5,sub4,"[[-0.93744942 -0.09798922  0.35585665]
 [-0.97745727 -0.08595292  0.35541802]]",[ 0.44992502 -0.67560017 -0.25391324  0.52598474],grasp2,extreme1,[ 0.81309416  0.74186913  0.74497783  0.01630402],[-0.93192442 -0.02653884  0.21520996],[-0.84348566 -0.16253358  0.26689955]
obj5,sub4,"[[-0.84515899 -0.14171808  0.15717706]
 [-0.85715322 -0.13017477  0.13746754]]",[-0.16676108 -0.62579173  0.70225085  0.29566737],grasp4,optimal0,[ 0.73914759  0.7360424   0.6234272   0.00788904],[-0.93774145 -0.13981112  0.1961323 ],[-0.85386462 -0.17804355  0.30069729]
obj5,sub4,"[[-0.97248453 -0.06021598  0.09221833]
 [-1.00225665 -0.06203369  0.07746971]]",[ 0.20424877  0.84125052 -0.22175874 -0.44877953],grasp4,extreme0,[ 0.76481537  0.72203238  0.67806753  0.00780139],[-0.9580864  -0.19867044  0.05967931],[-0.8880604  -0.13254991  0.18924924]
obj5,sub4,"[[-0.99075755 -0.28129546  0.13189585]
 [-1.01812663 -0.2801632   0.11476586]]",[ 0.66640837  0.13832652 -0.72486662 -0.10646147],grasp4,extreme1,[ 0.72213523  0.82346483  0.76148633  0.01612871],[-1.01750192 -0.17870069  0.11523838],[-0.89318938 -0.19148312  0.19281531]
obj5,sub4,"[[-0.99076214 -0.28148394  0.13245591]
 [-1.01814268 -0.28036657  0.11540861]]",[ 0.66750111  0.13817692 -0.72392274 -0.10623221],grasp4,extreme2,[ 0.721913    0.82189533  0.76369753  0.01639168],[-1.01750192 -0.17870069  0.11523838],[-0.89320213 -0.19151912  0.19308453]
obj5,sub4,"[[-0.94914753 -0.12909336 -0.11041495]
 [-0.95279577 -0.14478712 -0.05751794]]",[ 0.66015368  0.0265709  -0.70868251 -0.24750799],grasp5,optimal0,[ 1.21027201  1.25796943  1.25252584  0.01271013],[-0.95185603 -0.14359286  0.0276861 ],[-0.77622292 -0.16984778 -0.07003115]
obj5,sub4,"[[-0.86370511 -0.12689435  0.06300964]
 [-0.97660657 -0.13564294  0.05945298]]",[ 0.71687161  0.02622171 -0.64001895 -0.27528761],grasp5,extreme0,[ 1.21842264  1.25111233  1.25398988  0.01612871],[-0.96713495 -0.09152685  0.01117572],[-0.79740369 -0.17866221  0.06199416]
obj5,sub5,"[[-0.81239632 -0.14206266 -0.02826617]
 [-0.80178911 -0.13147136  0.02130992]]",[ 0.70744948 -0.26288436 -0.63914141 -0.14800441],grasp4,optimal0,[ 1.21085132  1.25672804  1.23901086  0.02769931],[-0.81232992 -0.09083291  0.00316127],[-0.64782981 -0.21243584 -0.01573109]
obj5,sub5,"[[-0.7725228  -0.12541947 -0.05653958]
 [-0.86009197 -0.09306241 -0.11985165]]",[ 0.6775054  -0.26754209 -0.67661134 -0.10772533],grasp4,extreme0,[ 1.36454985  1.26191304  1.14606762  0.02051151],[-0.85030847 -0.06801123 -0.01956997],[-0.70313157 -0.16613087 -0.09369975]
obj5,sub5,"[[-0.74742031 -0.11730439  0.07997074]
 [-0.85162757 -0.09172885  0.07043455]]",[ 0.68280777 -0.22146425 -0.64322425 -0.26643891],grasp4,extreme1,[ 1.35425368  1.35572082  1.13790331  0.02007323],[-0.83622178 -0.06696518 -0.00530708],[-0.70945837 -0.19559375  0.08369353]
obj5,sub5,"[[-0.71754465 -0.19628523  0.13447148]
 [-0.80522304 -0.18404065  0.0826609 ]]",[ 0.27516539 -0.79780364 -0.53546252  0.03276044],grasp5,optimal0,[ 1.44321604  1.49690241  0.85540453  1.33210892],[-0.82248209 -0.12443498  0.01476033],[-0.72747269 -0.22991004  0.22728355]
obj5,sub5,"[[-0.71802199 -0.22786217  0.15104927]
 [-0.80377672 -0.21807446  0.08827899]]",[ 0.24750937 -0.81954085 -0.51213816  0.06932827],grasp5,extreme0,[ 1.43421604  1.50603949  0.80140453  1.3319336 ],[-0.81207414 -0.16710402  0.0169502 ],[-0.72221704 -0.25188229  0.23606172]
obj5,sub5,"[[-0.8090045  -0.24659324  0.11344787]
 [-0.80510965 -0.1946338   0.09992468]]",[-0.10513979  0.71661536  0.67124276 -0.15761094],grasp5,extreme1,[ 1.44832503  1.48628031  0.88602138  1.33929671],[-0.84298937 -0.21501273  0.00831283],[-0.73846609 -0.20935427  0.26151052]
obj5,sub5,"[[-0.79673979 -0.48570214  0.28086707]
 [-0.81820945 -0.43720221  0.2707418 ]]",[-0.08004153  0.60189085  0.73564371 -0.30024837],grasp6,optimal0,[ 1.2759455   1.20560454  1.23001239  0.02340416],[-0.80747054 -0.49039054  0.20665764],[-0.6995511  -0.40530301  0.40387159]
obj5,sub5,"[[-0.75428469 -0.30986022  0.04738785]
 [-0.75261002 -0.25664411  0.04323339]]",[ 0.01139759  0.69931905  0.71413839 -0.02879797],grasp6,extreme0,[ 1.22329344  1.25168899  1.25039193  0.0217387 ],[-0.72935058 -0.28226512 -0.0263431 ],[-0.72239192 -0.27095099  0.22253919]
obj5,sub5,"[[-0.76669792 -0.29472594  0.1194529 ]
 [-0.76958368 -0.23923684  0.12023974]]",[-0.00599851  0.70385228  0.70827177 -0.05391741],grasp6,extreme1,[ 1.2982249   1.27567681  1.1932213   0.02419307],[-0.73578315 -0.28598439  0.00937038],[-0.73195677 -0.25888749  0.29198791]
obj6,sub7,"[[-0.88251004 -0.15006274 -0.00822306]
 [-0.86599419 -0.15466801 -0.05833542]]",[ 0.17996941 -0.79234038  0.14479388  0.56466137],grasp6,optimal0,[ 1.23550751  1.26242833  1.1184419   0.01411262],[-0.90939884 -0.17403649 -0.02477373],[-0.73661195 -0.25386459  0.01443803]
obj6,sub7,"[[-0.8939537  -0.15728932  0.04613734]
 [-0.87812245 -0.15311919 -0.00432323]]",[ 0.17917044 -0.77732433  0.12925295  0.58903185],grasp6,extreme0,[ 1.25347095  1.22040396  1.13342972  0.01411262],[-0.89508818 -0.17381887 -0.04707324],[-0.74669272 -0.25482756  0.06447232]
obj6,sub7,"[[-0.87350845 -0.16145258 -0.08669862]
 [-0.90815178 -0.22193231 -0.0627476 ]]",[ 0.21066433 -0.66041366  0.12204345  0.71033775],grasp6,extreme1,[ 1.33138566  1.34625775  1.01934442  0.013762  ],[-0.87654839 -0.19993446 -0.05254768],[-0.72443998 -0.25695234 -0.0787307 ]
obj6,sub7,"[[-0.7977305  -0.17276788  0.04418499]
 [-0.74514564 -0.17721626  0.04027033]]",[ 0.01826505 -0.99558999  0.05877796  0.07079632],grasp7,optimal0,[ 1.20213331  1.18163592  1.18410536  0.00955451],[-0.80313795 -0.20327213 -0.0273452 ],[-0.75316248 -0.21452673  0.21866529]
obj6,sub7,"[[-0.78480111 -0.18129461  0.04179991]
 [-0.73500853 -0.18871534  0.03823083]]",[ 0.01115977 -0.99720335  0.06320498  0.0382894 ],grasp7,extreme0,[ 1.2440602   1.25363592  1.12725157  0.00885326],[-0.73258131 -0.21728162 -0.04026511],[-0.74927772 -0.21542376  0.21794149]
obj6,sub7,"[[-0.80156949 -0.17528683  0.04746088]
 [-0.75257843 -0.18254496  0.03696138]]",[ 0.01293232 -0.99483779  0.06583341  0.07613471],grasp7,extreme1,[ 1.20508457  1.21763592  1.16310536  0.00911623],[-0.75929305 -0.21483581 -0.05085327],[-0.75379124 -0.21489646  0.21829042]
obj6,sub7,"[[-0.8584341  -0.21049716  0.07987758]
 [-0.82599542 -0.16160093  0.00258364]]",[ 0.46249515 -0.71622152 -0.10423066  0.51211419],grasp8,optimal0,[ 1.11184843  1.24940525  1.15247562  0.74367389],[-0.85997412 -0.1725522  -0.014458  ],[-0.70373149 -0.29855138  0.02944999]
obj6,sub7,"[[-0.88016438 -0.27393386  0.12818015]
 [-0.89388091 -0.33597825  0.16083704]]",[ 0.07785186 -0.64964333  0.10763474  0.74854352],grasp9,optimal0,[ 1.15929454  1.15413474  1.21862399  0.01490153],[-0.90885724 -0.29810582  0.17002875],[-0.71447292 -0.35503607  0.13351338]
obj6,sub7,"[[-0.87816336 -0.28684256  0.18229371]
 [-0.88171177 -0.2767553   0.12690138]]",[ 0.09445807 -0.65511622  0.04779734  0.74807475],grasp9,extreme0,[ 1.11430673  1.06713474  1.28163617  0.01463856],[-0.93873492 -0.30473066  0.14417918],[-0.71552703 -0.35998156  0.13411106]
obj6,sub7,"[[-0.8062274  -0.28906632  0.17024441]
 [-0.86761924 -0.28370743  0.18072221]]",[ 0.10099745 -0.65625707  0.04170909  0.74658324],grasp9,extreme1,[ 1.16249822  1.21949645  1.30857525  0.01393731],[-0.90683429 -0.30899941  0.13775162],[-0.71489769 -0.36064947  0.13288365]
obj6,sub7,"[[-0.84288312 -0.24405277  0.04829786]
 [-0.83938769 -0.21596715  0.01061515]]",[ 0.3077787  -0.70247457 -0.03421175  0.6408052 ],grasp10,optimal0,[ 1.56697403  1.41207255  0.98037342  0.5284783 ],[-0.90611517 -0.23134495 -0.01498769],[-0.69131057 -0.29971134  0.03486352]
obj6,sub7,"[[-0.84621382 -0.22129449  0.01014708]
 [-0.87630725 -0.27962601  0.01003397]]",[ 0.2745147  -0.70020011 -0.02046517  0.65874325],grasp10,extreme0,[ 1.7169984   1.40904818  0.99837342  0.52804002],[-0.89128988 -0.24163072 -0.02704801],[-0.69148783 -0.2998925   0.03654212]
obj6,sub7,"[[-0.78497629 -0.3228792   0.0096012 ]
 [-0.84867965 -0.27886892  0.04505402]]",[ 0.25465035 -0.70234112 -0.0371327   0.6636952 ],grasp10,extreme1,[ 1.6240837   1.33403599  1.07038561  0.52777705],[-0.87427946 -0.27348738 -0.02196258],[-0.69415682 -0.31997896  0.0349664 ]
obj6,sub8,"[[-0.75366819 -0.08748562  0.04244319]
 [-0.80871922  0.00254319  0.06160245]]",[ 0.25158026 -0.64054754  0.24274827  0.68372473],grasp1,optimal0,[ 1.19744899  1.18036384  1.18396327  0.01332372],[-0.80390935 -0.04469501  0.0533895 ],[-0.69449036 -0.1389839   0.02707975]
obj6,sub8,"[[-0.76131077 -0.09051842  0.03759567]
 [-0.82206068 -0.00442095  0.0562338 ]]",[ 0.24143802 -0.64779385  0.23105428  0.68460553],grasp1,extreme0,[ 1.17639854  1.15995258  1.20486232  0.0123595 ],[-0.81708972 -0.04880122 -0.027089  ],[-0.70399845 -0.14448553  0.02285214]
obj6,sub8,"[[ -7.47901458e-01  -6.79707789e-02  -1.45478309e-02]
 [ -8.23162737e-01  -1.73741074e-04  -8.07303066e-02]]",[ 0.23577224 -0.69166555  0.21365066  0.64835455],grasp1,extreme1,[ 1.11757681  1.12998097  1.25087619  0.01314841],[-0.81936483 -0.04859786 -0.02952857],[-0.70340783 -0.14243527 -0.04891404]
obj6,sub8,"[[-0.81183867 -0.13792451 -0.02979116]
 [-0.79776541 -0.0029988  -0.01481819]]",[ 0.2285426  -0.6880872   0.21209594  0.65522485],grasp2,optimal0,[ 0.95591834  0.97236426  1.01079821  0.01420028],[-0.82232713 -0.06510223  0.00459264],[-0.70783168 -0.14927311 -0.03559031]
obj6,sub8,"[[-0.76323123 -0.04871965  0.05638568]
 [-0.81266422 -0.0079369   0.06620859]]",[ 0.2312854  -0.65058045  0.21343107  0.69115795],grasp2,extreme0,[ 1.11188849  1.03918144  0.98612742  0.02235229],[-0.82676003 -0.07292395 -0.00883544],[-0.71626226 -0.15240179  0.03311354]
obj6,sub8,"[[-0.82413988 -0.13081107  0.11383021]
 [-0.82382293 -0.13224312  0.12262003]]",[ 0.366186    0.30559223 -0.56929476 -0.66964519],grasp3,optimal0,[ 1.03660764  1.21077159  1.25340021  1.42870588],[-0.81758594 -0.04989675  0.07702758],[-0.70875093 -0.12183765  0.11582389]
obj6,sub8,"[[-0.76144357 -0.03516114  0.03429335]
 [-0.76019685 -0.0351428   0.04152343]]",[ 0.35849277  0.3556658  -0.591235   -0.62882903],grasp3,optimal1,[ 1.28669037  1.29505342  1.37209643  1.45246067],[-0.8287951  -0.07152519 -0.01590382],[-0.71658734 -0.13356451  0.04434344]
obj6,sub8,"[[-0.81888411 -0.11591068  0.09728341]
 [-0.86736236 -0.01905881  0.10886376]]",[ 0.40132984  0.30772315 -0.58502263 -0.6340263 ],grasp4,optimal0,[ 1.43272751  1.39036448  1.25176776  1.44912974],[-0.87049408 -0.05836691  0.04336301],[-0.73524473 -0.1290847   0.09642359]
obj6,sub8,"[[-0.81881115 -0.08366757  0.11672209]
 [-0.82922866 -0.11728075  0.02467787]]",[  2.70854673e-04   8.93181499e-01   4.47168101e-01  -4.76175045e-02],grasp5,optimal0,[ 1.38621604  1.43571538  0.57132064  1.46604735],[-0.80139807 -0.09898614  0.00239431],[-0.78811065 -0.08611077  0.19295618]
obj6,sub8,"[[-0.81700968 -0.14504141  0.02005862]
 [-0.84232779 -0.09890112  0.01617113]]",[-0.0040996   0.53462523  0.84367135 -0.04876179],grasp6,optimal0,[ 1.24853885  1.22722206  1.13579577  0.0093792 ],[-0.80341663 -0.10398866  0.00476937],[-0.7932945  -0.09891451  0.19489692]
obj6,sub8,"[[-0.76542058 -0.07400064  0.0727807 ]
 [-0.81121886 -0.15544924 -0.01485135]]",[ 0.01429867  0.46644458  0.88389136 -0.03100121],grasp6,extreme0,[ 1.12140309  1.16316599  1.22379189  0.00920388],[-0.78407079 -0.13752708 -0.01651845],[-0.79194828 -0.09976005  0.16145426]
obj6,sub8,"[[-0.79233774 -0.12922128  0.08651209]
 [-0.79840587 -0.14866123 -0.01732626]]",[ 0.01153002  0.38486762  0.92281187 -0.01273693],grasp6,extreme1,[ 1.13582329  1.16430328  1.24390324  0.01341137],[-0.80476549 -0.0907623  -0.01827485],[-0.79096147 -0.09673819  0.16373211]
obj6,sub8,"[[-0.8155344  -0.16112563  0.03256698]
 [-0.86487305 -0.12086839  0.03533935]]",[-0.04680072  0.33566626  0.93880261 -0.0615427 ],grasp7,optimal0,[ 1.27201684  1.26545215  0.41907703  0.01051873],[-0.80320614 -0.09048809 -0.01859252],[-0.80341698 -0.10783195  0.20339735]
obj6,sub8,"[[-0.75545764 -0.10552146  0.02481305]
 [-0.80893915 -0.020892   -0.01556306]]",[ 0.34121424 -0.75251282  0.16932579  0.53723931],grasp8,optimal0,[ 1.16702803  1.1592425   1.21214674  0.01560278],[-0.80337721 -0.07014519 -0.02358515],[-0.7153617  -0.17625119  0.03212545]
obj6,sub8,"[[-0.7700785  -0.08469427  0.06916307]
 [-0.75884617 -0.07179664  0.06800253]]",[ 0.25280657 -0.69844716  0.26579282  0.61450352],grasp8,extreme0,[ 1.16020846  1.15387827  1.21813169  0.01341137],[-0.82342271 -0.04900558 -0.02479776],[-0.72150174 -0.15257768  0.04004798]
obj6,sub8,"[[-0.77801951 -0.11280883 -0.0271466 ]
 [-0.86037052 -0.07283004 -0.096299  ]]",[ 0.25287919 -0.75117994  0.26857415  0.54740181],grasp8,extreme1,[ 1.17464939  1.16013595  1.2052481   0.01200888],[-0.82031428 -0.06994585 -0.06493523],[-0.71499422 -0.17229233 -0.04599802]
obj6,sub8,"[[-0.72659135 -0.04780203  0.0120376 ]
 [-0.71579566 -0.05223015 -0.04186555]]",[ 0.29206008 -0.74073914  0.35395145  0.49063714],grasp9,optimal0,[ 0.79892954  1.00313664  0.98267838  0.01481387],[-0.78937263 -0.06414599 -0.04247522],[-0.72382239 -0.16917951  0.00753185]
obj6,sub8,"[[-0.83865154 -0.01288352  0.0688255 ]
 [-0.82004279 -0.0131778   0.02141899]]",[ 0.34569717 -0.73386782  0.23016606  0.53754541],grasp9,extreme0,[ 1.23228073  1.22599282  0.40239095  0.01481387],[-0.84024479 -0.07914199 -0.01694331],[-0.73831483 -0.16446029  0.07184594]
obj9,sub10,"[[-0.85239891 -0.12627047  0.06599199]
 [-0.84845916 -0.14923701  0.04791331]]",[-0.00252063  0.72266323  0.67193127 -0.162049  ],grasp1,optimal0,[ 0.03882081  1.39945002  1.9947203   0.05715174],[-0.87032614 -0.13198787  0.05295917],[-0.85090507 -0.11794629  0.14685005]
obj9,sub10,"[[-0.88807963 -0.1644609   0.08629706]
 [-0.84690416 -0.14272124  0.04806107]]",[-0.01510408  0.74122443  0.65406117 -0.15020717],grasp1,extreme0,[ 0.03882081  1.39945002  1.88648783  0.05557393],[-0.86844973 -0.11255643  0.04931763],[-0.85198237 -0.11435211  0.14973642]
obj9,sub10,"[[-0.88767686 -0.15654008  0.08724214]
 [-0.86268208 -0.14157096  0.04698412]]",[-0.01635673  0.74179589  0.65210007 -0.15568175],grasp1,extreme1,[ 0.03882081  1.39945002  2.07831448  0.05627518],[-0.88301755 -0.08201646  0.04114828],[-0.8532373  -0.11314114  0.15242271]
obj9,sub10,[-0.86583605 -0.14490073  0.06458715],[-0.02327616  0.74035338  0.64578231 -0.18520341],grasp1,extreme2,[ 0.03889392  1.39976683  1.93294026  0.05618752],[-0.88934645 -0.18924802  0.08473161],[-0.85936085 -0.11164546  0.17011991]
obj9,sub10,"[[-0.99741977 -0.11686836  0.10694068]
 [-0.82882665 -0.13088106  0.07875524]]",[-0.04772513  0.67694682  0.69818    -0.22805701],grasp2,optimal0,[ 0.04020988  0.83559812  0.94681116  0.08204606],[-0.9177871  -0.12233521  0.08486425],[-0.86712451 -0.10679393  0.21108536]
obj9,sub10,"[[-1.00377676 -0.19991458  0.14035795]
 [-0.97658375 -0.21555157  0.12223488]]",[-0.15532972  0.40885609  0.77944193 -0.44853055],grasp3,optimal0,[ 0.041075    1.50428938  1.24802749  0.06477782],[-0.99700471 -0.206643    0.13290782],[-0.88118733 -0.12454366  0.23972156]
obj9,sub10,"[[-0.99266963 -0.20135939  0.13645118]
 [-0.97099106 -0.21330721  0.11382567]]",[-0.15566279  0.40887878  0.785182   -0.43826529],grasp3,extreme0,[ 0.04040484  1.54921221  1.19737729  0.06425188],[-1.0216086  -0.20499804  0.10116409],[-0.88082816 -0.1237604   0.23897205]
obj9,sub10,"[[-0.98983388 -0.20009382  0.1363025 ]
 [-0.97173554 -0.21518943  0.11460792]]",[-0.14765993  0.42137345  0.77852067 -0.44107429],grasp3,extreme1,[ 0.03967375  1.5700137   1.20216643  0.0652161 ],[-0.9941678  -0.20602879  0.12137666],[-0.88074999 -0.1235869   0.24013831]
obj9,sub10,"[[-0.95337025 -0.2176386   0.21128095]
 [-0.97716207 -0.17248771  0.21098745]]",[-0.20041144  0.34170926  0.82720412 -0.39850143],grasp4,optimal0,[ 1.41682677  1.5794005   0.04972622  1.51145318],[-0.98279704 -0.2124577   0.1988913 ],[-0.87104286 -0.10371545  0.31141309]
obj9,sub10,"[[-0.9582258  -0.26281419  0.23674969]
 [-0.99185904 -0.22477541  0.24479019]]",[-0.22649285  0.2691459   0.75969702 -0.54692039],grasp4,extreme0,[ 1.40909809  1.60078783  0.04925101  1.50268758],[-0.98669103 -0.26237479  0.18735649],[-0.88000753 -0.12310857  0.29586765]
obj9,sub10,"[[-0.96105564 -0.2611649   0.24089809]
 [-0.9964353  -0.22649751  0.24673652]]",[-0.21997295  0.26897351  0.75904859 -0.55055462],grasp4,extreme1,[ 1.44952168  1.54271258  0.04956781  1.50400242],[-0.99751541 -0.25955201  0.19036024],[-0.87948888 -0.12362747  0.29606903]
obj9,sub10,"[[-1.02544671 -0.15579057  0.26542694]
 [-1.04168571 -0.17538002  0.25408251]]",[-0.20683934  0.29732125  0.74841435 -0.55560194],grasp5,optimal0,[ 0.97842071  1.0538436   0.04943378  1.52048176],[-0.97163453 -0.22689919  0.25320686],[-0.88008817 -0.12310811  0.29601919]
obj9,sub10,"[[-0.8559699  -0.19685769  0.0078139 ]
 [-0.90856503 -0.16756566  0.01836643]]",[-0.20485693  0.73830001  0.57479259 -0.28733293],grasp6,optimal0,[  2.01209084e+00   3.37665508e-01   1.73840231e-03   1.63732726e+00],[-0.86830979 -0.17995347  0.00373867],[-0.83349721 -0.16968251  0.10686774]
obj9,sub10,"[[-0.83820418 -0.15607838  0.14009164]
 [-0.78974033 -0.19435285  0.1195458 ]]",[ 0.01654393  0.36525056 -0.92921314  0.05367738],grasp6,extreme0,[  2.02104515e+00   3.37628954e-01   1.73840231e-03   1.65231645e+00],[-0.84614172 -0.1507384   0.12024059],[-0.79617148 -0.1755818   0.23358599]
obj9,sub12,"[[-0.84223647 -0.09571577  0.01176826]
 [-0.81572401 -0.10673249 -0.01482335]]",[ 0.19614875 -0.89702355  0.17992634  0.3528469 ],grasp8,optimal0,[ 2.11261674  2.14478565  1.92962744  0.01498918],[-0.81751902 -0.12987188 -0.02205434],[-0.77949782 -0.16602428  0.06467538]
obj9,sub12,"[[-0.79026364 -0.09721778  0.01941884]
 [-0.82467236 -0.04317933  0.05058091]]",[ 0.27483222 -0.89981807  0.10048365  0.32357028],grasp8,extreme0,[ 1.96308671  2.07496073  1.81554916  0.01008045],[-0.77607721 -0.07708196 -0.0018448 ],[-0.75930871 -0.12515803  0.09201115]
obj9,sub12,"[[-0.80797806 -0.07992536  0.04709564]
 [-0.83691886 -0.05876184  0.04272928]]",[ 0.37922854 -0.87208876 -0.23596468  0.19991893],grasp8,extreme1,[ 2.03050866  1.74668061  1.81508614  0.0087656 ],[-0.8853701  -0.11586434  0.03497914],[-0.75934862 -0.12459386  0.09172296]
obj9,sub12,"[[-0.95783644 -0.16774643  0.0405914 ]
 [-0.929032   -0.08781909  0.01992016]]",[ 0.36652436 -0.68187852 -0.5333721   0.34090436],grasp9,optimal0,[ 1.14794138  1.32370282  1.42717967  0.37955067],[-0.92572128 -0.11727328  0.01332431],[-0.78007637 -0.15216357  0.09869656]
obj9,sub12,"[[-0.95884772 -0.16816183  0.04028369]
 [-0.93100261 -0.09308854  0.02150928]]",[ 0.3661896  -0.68214059 -0.53316889  0.34105764],grasp9,extreme0,[ 1.14794138  1.32370282  1.42117967  0.37955067],[-0.92627178 -0.10682758  0.00891657],[-0.78009232 -0.15221206  0.09862529]
obj9,sub12,"[[-0.92697553 -0.17922135  0.06868656]
 [-0.85443644 -0.25512567  0.05719609]]",[ 0.47092488  0.62826407 -0.47389657 -0.39866786],grasp9,optimal1,[ 1.72144198  1.58713871  1.78327011  0.64996957],[-0.89363775 -0.21354094  0.07166565],[-0.7913167  -0.18278451  0.10571307]
obj9,sub12,"[[-0.8540322  -0.24371664  0.08576027]
 [-0.8880426  -0.15666322  0.04015324]]",[ 0.48495127  0.62624452 -0.50606749 -0.34137335],grasp9,optimal2,[ 1.56630804  1.85026843  1.80068573  0.65145973],[-0.88359243 -0.2311499   0.06754081],[-0.790096   -0.1867279   0.10168345]
obj9,sub12,"[[-0.86467179 -0.19040277  0.07023086]
 [-0.88130854 -0.16520487  0.03932031]]",[ 0.45902004  0.64594622 -0.50790778 -0.3377629 ],grasp9,extreme1,[ 1.83435216  1.88026843  1.81268573  0.65145973],[-0.87640427 -0.24035902  0.06262318],[-0.78916673 -0.18600251  0.09843984]
obj9,sub12,"[[-0.87671665 -0.14500013  0.05350522]
 [-0.88401169 -0.15411062  0.05158347]]",[ 0.41481254  0.69602646 -0.4438188  -0.38275657],grasp9,extreme2,[ 1.90167269  1.83045488  1.87449346  0.63138649],[-0.8899108  -0.19367988  0.06153446],[-0.78902879 -0.18523397  0.09769235]
obj9,sub12,"[[-0.95693818 -0.18600815  0.09951913]
 [-0.97087416 -0.21339621  0.07188455]]",[-0.34358207  0.56265917  0.45196085 -0.60091381],grasp10,optimal0,[ 1.49624617  1.53469333  1.16644719  0.65855987],[-0.97541252 -0.17842744  0.03843197],[-0.79379988 -0.17956305  0.11731847]
